language_code,language_name,form_uid,form_id,form_part,question_number,source_row_index,source_id
ZH,Mandarin,ZH_T1,1WEmJRBUa_uBtkEhn-MgmBOCi-jFbeBcGprP49o-6syY,1,1,0,sw02005_B_2
ZH,Mandarin,ZH_T1,1WEmJRBUa_uBtkEhn-MgmBOCi-jFbeBcGprP49o-6syY,1,2,1,sw02005_B_4
ZH,Mandarin,ZH_T1,1WEmJRBUa_uBtkEhn-MgmBOCi-jFbeBcGprP49o-6syY,1,3,2,sw02005_B_8
ZH,Mandarin,ZH_T1,1WEmJRBUa_uBtkEhn-MgmBOCi-jFbeBcGprP49o-6syY,1,4,3,sw02005_B_14
ZH,Mandarin,ZH_T1,1WEmJRBUa_uBtkEhn-MgmBOCi-jFbeBcGprP49o-6syY,1,5,4,sw02005_A_19
ZH,Mandarin,ZH_T1,1WEmJRBUa_uBtkEhn-MgmBOCi-jFbeBcGprP49o-6syY,1,6,5,sw02005_A_29
ZH,Mandarin,ZH_T1,1WEmJRBUa_uBtkEhn-MgmBOCi-jFbeBcGprP49o-6syY,1,7,6,sw02005_A_37
ZH,Mandarin,ZH_T1,1WEmJRBUa_uBtkEhn-MgmBOCi-jFbeBcGprP49o-6syY,1,8,7,sw02005_A_47
ZH,Mandarin,ZH_T1,1WEmJRBUa_uBtkEhn-MgmBOCi-jFbeBcGprP49o-6syY,1,9,8,sw02005_A_55
ZH,Mandarin,ZH_T1,1WEmJRBUa_uBtkEhn-MgmBOCi-jFbeBcGprP49o-6syY,1,10,9,sw02005_A_65
ZH,Mandarin,ZH_T1,1WEmJRBUa_uBtkEhn-MgmBOCi-jFbeBcGprP49o-6syY,1,11,10,sw02005_A_81
ZH,Mandarin,ZH_T1,1WEmJRBUa_uBtkEhn-MgmBOCi-jFbeBcGprP49o-6syY,1,12,11,sw02005_A_93
ZH,Mandarin,ZH_T1,1WEmJRBUa_uBtkEhn-MgmBOCi-jFbeBcGprP49o-6syY,1,13,12,sw02005_A_99
ZH,Mandarin,ZH_T1,1WEmJRBUa_uBtkEhn-MgmBOCi-jFbeBcGprP49o-6syY,1,14,13,sw02005_A_111
ZH,Mandarin,ZH_T1,1WEmJRBUa_uBtkEhn-MgmBOCi-jFbeBcGprP49o-6syY,1,15,14,sw02005_A_121
ZH,Mandarin,ZH_T1,1WEmJRBUa_uBtkEhn-MgmBOCi-jFbeBcGprP49o-6syY,1,16,15,sw02005_A_127
ZH,Mandarin,ZH_T1,1WEmJRBUa_uBtkEhn-MgmBOCi-jFbeBcGprP49o-6syY,1,17,16,sw02005_A_147
ZH,Mandarin,ZH_T1,1WEmJRBUa_uBtkEhn-MgmBOCi-jFbeBcGprP49o-6syY,1,18,17,sw02005_A_149
ZH,Mandarin,ZH_T1,1WEmJRBUa_uBtkEhn-MgmBOCi-jFbeBcGprP49o-6syY,1,19,18,sw02005_A_155
ZH,Mandarin,ZH_T1,1WEmJRBUa_uBtkEhn-MgmBOCi-jFbeBcGprP49o-6syY,1,20,19,sw02008_B_2
ZH,Mandarin,ZH_T2,1HHlQIf1aiGRWwdh2TESRE2YnLjoMCawdFlk3vjjn-L4,2,1,20,sw02008_B_6
ZH,Mandarin,ZH_T2,1HHlQIf1aiGRWwdh2TESRE2YnLjoMCawdFlk3vjjn-L4,2,2,21,sw02008_B_18
ZH,Mandarin,ZH_T2,1HHlQIf1aiGRWwdh2TESRE2YnLjoMCawdFlk3vjjn-L4,2,3,22,sw02008_A_19
ZH,Mandarin,ZH_T2,1HHlQIf1aiGRWwdh2TESRE2YnLjoMCawdFlk3vjjn-L4,2,4,23,sw02008_B_48
ZH,Mandarin,ZH_T2,1HHlQIf1aiGRWwdh2TESRE2YnLjoMCawdFlk3vjjn-L4,2,5,24,sw02008_B_62
ZH,Mandarin,ZH_T2,1HHlQIf1aiGRWwdh2TESRE2YnLjoMCawdFlk3vjjn-L4,2,6,25,sw02008_A_75
ZH,Mandarin,ZH_T2,1HHlQIf1aiGRWwdh2TESRE2YnLjoMCawdFlk3vjjn-L4,2,7,26,sw02010_B_22
ZH,Mandarin,ZH_T2,1HHlQIf1aiGRWwdh2TESRE2YnLjoMCawdFlk3vjjn-L4,2,8,27,sw02010_A_23
ZH,Mandarin,ZH_T2,1HHlQIf1aiGRWwdh2TESRE2YnLjoMCawdFlk3vjjn-L4,2,9,28,sw02010_B_38
ZH,Mandarin,ZH_T2,1HHlQIf1aiGRWwdh2TESRE2YnLjoMCawdFlk3vjjn-L4,2,10,29,sw02010_B_50
ZH,Mandarin,ZH_T2,1HHlQIf1aiGRWwdh2TESRE2YnLjoMCawdFlk3vjjn-L4,2,11,30,sw02012_A_15
ZH,Mandarin,ZH_T2,1HHlQIf1aiGRWwdh2TESRE2YnLjoMCawdFlk3vjjn-L4,2,12,31,sw02012_A_25
ZH,Mandarin,ZH_T2,1HHlQIf1aiGRWwdh2TESRE2YnLjoMCawdFlk3vjjn-L4,2,13,32,sw02012_B_40
ZH,Mandarin,ZH_T2,1HHlQIf1aiGRWwdh2TESRE2YnLjoMCawdFlk3vjjn-L4,2,14,33,sw02012_B_50
ZH,Mandarin,ZH_T2,1HHlQIf1aiGRWwdh2TESRE2YnLjoMCawdFlk3vjjn-L4,2,15,34,sw02012_A_61
ZH,Mandarin,ZH_T2,1HHlQIf1aiGRWwdh2TESRE2YnLjoMCawdFlk3vjjn-L4,2,16,35,sw02012_A_63
ZH,Mandarin,ZH_T2,1HHlQIf1aiGRWwdh2TESRE2YnLjoMCawdFlk3vjjn-L4,2,17,36,sw02012_A_65
ZH,Mandarin,ZH_T2,1HHlQIf1aiGRWwdh2TESRE2YnLjoMCawdFlk3vjjn-L4,2,18,37,sw02012_A_71
ZH,Mandarin,ZH_T2,1HHlQIf1aiGRWwdh2TESRE2YnLjoMCawdFlk3vjjn-L4,2,19,38,sw02012_A_87
ZH,Mandarin,ZH_T2,1HHlQIf1aiGRWwdh2TESRE2YnLjoMCawdFlk3vjjn-L4,2,20,39,sw02012_B_98
ZH,Mandarin,ZH_T3,1NXfDBR3Hx0CrG1PPc-jttw6rT7XQ-nxeqeLA2JfLlVQ,3,1,40,sw02012_A_99
ZH,Mandarin,ZH_T3,1NXfDBR3Hx0CrG1PPc-jttw6rT7XQ-nxeqeLA2JfLlVQ,3,2,41,sw02012_A_101
ZH,Mandarin,ZH_T3,1NXfDBR3Hx0CrG1PPc-jttw6rT7XQ-nxeqeLA2JfLlVQ,3,3,42,sw02015_B_18
ZH,Mandarin,ZH_T3,1NXfDBR3Hx0CrG1PPc-jttw6rT7XQ-nxeqeLA2JfLlVQ,3,4,43,sw02015_B_20
ZH,Mandarin,ZH_T3,1NXfDBR3Hx0CrG1PPc-jttw6rT7XQ-nxeqeLA2JfLlVQ,3,5,44,sw02015_B_22
ZH,Mandarin,ZH_T3,1NXfDBR3Hx0CrG1PPc-jttw6rT7XQ-nxeqeLA2JfLlVQ,3,6,45,sw02015_B_30
ZH,Mandarin,ZH_T3,1NXfDBR3Hx0CrG1PPc-jttw6rT7XQ-nxeqeLA2JfLlVQ,3,7,46,sw02018_B_61
ZH,Mandarin,ZH_T3,1NXfDBR3Hx0CrG1PPc-jttw6rT7XQ-nxeqeLA2JfLlVQ,3,8,47,sw02018_A_86
ZH,Mandarin,ZH_T3,1NXfDBR3Hx0CrG1PPc-jttw6rT7XQ-nxeqeLA2JfLlVQ,3,9,48,sw02020_A_3
ZH,Mandarin,ZH_T3,1NXfDBR3Hx0CrG1PPc-jttw6rT7XQ-nxeqeLA2JfLlVQ,3,10,49,sw02020_B_20
ZH,Mandarin,ZH_T3,1NXfDBR3Hx0CrG1PPc-jttw6rT7XQ-nxeqeLA2JfLlVQ,3,11,50,sw02020_B_24
ZH,Mandarin,ZH_T3,1NXfDBR3Hx0CrG1PPc-jttw6rT7XQ-nxeqeLA2JfLlVQ,3,12,51,sw02020_B_32
ZH,Mandarin,ZH_T3,1NXfDBR3Hx0CrG1PPc-jttw6rT7XQ-nxeqeLA2JfLlVQ,3,13,52,sw02020_B_34
ZH,Mandarin,ZH_T3,1NXfDBR3Hx0CrG1PPc-jttw6rT7XQ-nxeqeLA2JfLlVQ,3,14,53,sw02020_B_64
ZH,Mandarin,ZH_T3,1NXfDBR3Hx0CrG1PPc-jttw6rT7XQ-nxeqeLA2JfLlVQ,3,15,54,sw02020_B_104
ZH,Mandarin,ZH_T3,1NXfDBR3Hx0CrG1PPc-jttw6rT7XQ-nxeqeLA2JfLlVQ,3,16,55,sw02020_B_110
ZH,Mandarin,ZH_T3,1NXfDBR3Hx0CrG1PPc-jttw6rT7XQ-nxeqeLA2JfLlVQ,3,17,56,sw02020_B_118
ZH,Mandarin,ZH_T3,1NXfDBR3Hx0CrG1PPc-jttw6rT7XQ-nxeqeLA2JfLlVQ,3,18,57,sw02020_B_120
ZH,Mandarin,ZH_T3,1NXfDBR3Hx0CrG1PPc-jttw6rT7XQ-nxeqeLA2JfLlVQ,3,19,58,sw02022_B_12
ZH,Mandarin,ZH_T3,1NXfDBR3Hx0CrG1PPc-jttw6rT7XQ-nxeqeLA2JfLlVQ,3,20,59,sw02022_B_18
ZH,Mandarin,ZH_T4,1Oc5wMyFbuwVDvN-MOZwb_NJrfdrCK_SML1vZeeA_K9I,4,1,60,sw02022_A_21
ZH,Mandarin,ZH_T4,1Oc5wMyFbuwVDvN-MOZwb_NJrfdrCK_SML1vZeeA_K9I,4,2,61,sw02022_A_39
ZH,Mandarin,ZH_T4,1Oc5wMyFbuwVDvN-MOZwb_NJrfdrCK_SML1vZeeA_K9I,4,3,62,sw02022_A_45
ZH,Mandarin,ZH_T4,1Oc5wMyFbuwVDvN-MOZwb_NJrfdrCK_SML1vZeeA_K9I,4,4,63,sw02022_B_52
ZH,Mandarin,ZH_T4,1Oc5wMyFbuwVDvN-MOZwb_NJrfdrCK_SML1vZeeA_K9I,4,5,64,sw02022_B_54
ZH,Mandarin,ZH_T4,1Oc5wMyFbuwVDvN-MOZwb_NJrfdrCK_SML1vZeeA_K9I,4,6,65,sw02024_B_4
ZH,Mandarin,ZH_T4,1Oc5wMyFbuwVDvN-MOZwb_NJrfdrCK_SML1vZeeA_K9I,4,7,66,sw02024_B_8
ZH,Mandarin,ZH_T4,1Oc5wMyFbuwVDvN-MOZwb_NJrfdrCK_SML1vZeeA_K9I,4,8,67,sw02024_A_15
ZH,Mandarin,ZH_T4,1Oc5wMyFbuwVDvN-MOZwb_NJrfdrCK_SML1vZeeA_K9I,4,9,68,sw02024_B_18
ZH,Mandarin,ZH_T4,1Oc5wMyFbuwVDvN-MOZwb_NJrfdrCK_SML1vZeeA_K9I,4,10,69,sw02024_A_35
ZH,Mandarin,ZH_T4,1Oc5wMyFbuwVDvN-MOZwb_NJrfdrCK_SML1vZeeA_K9I,4,11,70,sw02027_A_7
ZH,Mandarin,ZH_T4,1Oc5wMyFbuwVDvN-MOZwb_NJrfdrCK_SML1vZeeA_K9I,4,12,71,sw02027_B_16
ZH,Mandarin,ZH_T4,1Oc5wMyFbuwVDvN-MOZwb_NJrfdrCK_SML1vZeeA_K9I,4,13,72,sw02027_A_31
ZH,Mandarin,ZH_T4,1Oc5wMyFbuwVDvN-MOZwb_NJrfdrCK_SML1vZeeA_K9I,4,14,73,sw02027_A_65
ZH,Mandarin,ZH_T4,1Oc5wMyFbuwVDvN-MOZwb_NJrfdrCK_SML1vZeeA_K9I,4,15,74,sw02027_A_79
ZH,Mandarin,ZH_T4,1Oc5wMyFbuwVDvN-MOZwb_NJrfdrCK_SML1vZeeA_K9I,4,16,75,sw02028_A_125
ZH,Mandarin,ZH_T4,1Oc5wMyFbuwVDvN-MOZwb_NJrfdrCK_SML1vZeeA_K9I,4,17,76,sw02028_A_147
ZH,Mandarin,ZH_T4,1Oc5wMyFbuwVDvN-MOZwb_NJrfdrCK_SML1vZeeA_K9I,4,18,77,sw02032_A_39
ZH,Mandarin,ZH_T4,1Oc5wMyFbuwVDvN-MOZwb_NJrfdrCK_SML1vZeeA_K9I,4,19,78,sw02032_A_77
ZH,Mandarin,ZH_T4,1Oc5wMyFbuwVDvN-MOZwb_NJrfdrCK_SML1vZeeA_K9I,4,20,79,sw02032_A_135
ES,Spanish,ES_T1,1ISiBRCwANOsK-sGuWCmZyNOd7vpvq9TNKjStBf4NYVo,1,1,0,sw02005_B_2
ES,Spanish,ES_T1,1ISiBRCwANOsK-sGuWCmZyNOd7vpvq9TNKjStBf4NYVo,1,2,1,sw02005_B_4
ES,Spanish,ES_T1,1ISiBRCwANOsK-sGuWCmZyNOd7vpvq9TNKjStBf4NYVo,1,3,2,sw02005_B_8
ES,Spanish,ES_T1,1ISiBRCwANOsK-sGuWCmZyNOd7vpvq9TNKjStBf4NYVo,1,4,3,sw02005_B_14
ES,Spanish,ES_T1,1ISiBRCwANOsK-sGuWCmZyNOd7vpvq9TNKjStBf4NYVo,1,5,4,sw02005_A_19
ES,Spanish,ES_T1,1ISiBRCwANOsK-sGuWCmZyNOd7vpvq9TNKjStBf4NYVo,1,6,5,sw02005_A_29
ES,Spanish,ES_T1,1ISiBRCwANOsK-sGuWCmZyNOd7vpvq9TNKjStBf4NYVo,1,7,6,sw02005_A_37
ES,Spanish,ES_T1,1ISiBRCwANOsK-sGuWCmZyNOd7vpvq9TNKjStBf4NYVo,1,8,7,sw02005_A_47
ES,Spanish,ES_T1,1ISiBRCwANOsK-sGuWCmZyNOd7vpvq9TNKjStBf4NYVo,1,9,8,sw02005_A_55
ES,Spanish,ES_T1,1ISiBRCwANOsK-sGuWCmZyNOd7vpvq9TNKjStBf4NYVo,1,10,9,sw02005_A_65
ES,Spanish,ES_T1,1ISiBRCwANOsK-sGuWCmZyNOd7vpvq9TNKjStBf4NYVo,1,11,10,sw02005_A_81
ES,Spanish,ES_T1,1ISiBRCwANOsK-sGuWCmZyNOd7vpvq9TNKjStBf4NYVo,1,12,11,sw02005_A_93
ES,Spanish,ES_T1,1ISiBRCwANOsK-sGuWCmZyNOd7vpvq9TNKjStBf4NYVo,1,13,12,sw02005_A_99
ES,Spanish,ES_T1,1ISiBRCwANOsK-sGuWCmZyNOd7vpvq9TNKjStBf4NYVo,1,14,13,sw02005_A_111
ES,Spanish,ES_T1,1ISiBRCwANOsK-sGuWCmZyNOd7vpvq9TNKjStBf4NYVo,1,15,14,sw02005_A_121
ES,Spanish,ES_T1,1ISiBRCwANOsK-sGuWCmZyNOd7vpvq9TNKjStBf4NYVo,1,16,15,sw02005_A_127
ES,Spanish,ES_T1,1ISiBRCwANOsK-sGuWCmZyNOd7vpvq9TNKjStBf4NYVo,1,17,16,sw02005_A_147
ES,Spanish,ES_T1,1ISiBRCwANOsK-sGuWCmZyNOd7vpvq9TNKjStBf4NYVo,1,18,17,sw02005_A_149
ES,Spanish,ES_T1,1ISiBRCwANOsK-sGuWCmZyNOd7vpvq9TNKjStBf4NYVo,1,19,18,sw02005_A_155
ES,Spanish,ES_T1,1ISiBRCwANOsK-sGuWCmZyNOd7vpvq9TNKjStBf4NYVo,1,20,19,sw02008_B_2
ES,Spanish,ES_T2,1DTQSDcpR6Oj8GpscuVhvobbo5qggK71-eazIR9ywsHU,2,1,20,sw02008_B_6
ES,Spanish,ES_T2,1DTQSDcpR6Oj8GpscuVhvobbo5qggK71-eazIR9ywsHU,2,2,21,sw02008_B_18
ES,Spanish,ES_T2,1DTQSDcpR6Oj8GpscuVhvobbo5qggK71-eazIR9ywsHU,2,3,22,sw02008_A_19
ES,Spanish,ES_T2,1DTQSDcpR6Oj8GpscuVhvobbo5qggK71-eazIR9ywsHU,2,4,23,sw02008_B_48
ES,Spanish,ES_T2,1DTQSDcpR6Oj8GpscuVhvobbo5qggK71-eazIR9ywsHU,2,5,24,sw02008_B_62
ES,Spanish,ES_T2,1DTQSDcpR6Oj8GpscuVhvobbo5qggK71-eazIR9ywsHU,2,6,25,sw02008_A_75
ES,Spanish,ES_T2,1DTQSDcpR6Oj8GpscuVhvobbo5qggK71-eazIR9ywsHU,2,7,26,sw02010_B_22
ES,Spanish,ES_T2,1DTQSDcpR6Oj8GpscuVhvobbo5qggK71-eazIR9ywsHU,2,8,27,sw02010_A_23
ES,Spanish,ES_T2,1DTQSDcpR6Oj8GpscuVhvobbo5qggK71-eazIR9ywsHU,2,9,28,sw02010_B_38
ES,Spanish,ES_T2,1DTQSDcpR6Oj8GpscuVhvobbo5qggK71-eazIR9ywsHU,2,10,29,sw02010_B_50
ES,Spanish,ES_T2,1DTQSDcpR6Oj8GpscuVhvobbo5qggK71-eazIR9ywsHU,2,11,30,sw02012_A_15
ES,Spanish,ES_T2,1DTQSDcpR6Oj8GpscuVhvobbo5qggK71-eazIR9ywsHU,2,12,31,sw02012_A_25
ES,Spanish,ES_T2,1DTQSDcpR6Oj8GpscuVhvobbo5qggK71-eazIR9ywsHU,2,13,32,sw02012_B_40
ES,Spanish,ES_T2,1DTQSDcpR6Oj8GpscuVhvobbo5qggK71-eazIR9ywsHU,2,14,33,sw02012_B_50
ES,Spanish,ES_T2,1DTQSDcpR6Oj8GpscuVhvobbo5qggK71-eazIR9ywsHU,2,15,34,sw02012_A_61
ES,Spanish,ES_T2,1DTQSDcpR6Oj8GpscuVhvobbo5qggK71-eazIR9ywsHU,2,16,35,sw02012_A_63
ES,Spanish,ES_T2,1DTQSDcpR6Oj8GpscuVhvobbo5qggK71-eazIR9ywsHU,2,17,36,sw02012_A_65
ES,Spanish,ES_T2,1DTQSDcpR6Oj8GpscuVhvobbo5qggK71-eazIR9ywsHU,2,18,37,sw02012_A_71
ES,Spanish,ES_T2,1DTQSDcpR6Oj8GpscuVhvobbo5qggK71-eazIR9ywsHU,2,19,38,sw02012_A_87
ES,Spanish,ES_T2,1DTQSDcpR6Oj8GpscuVhvobbo5qggK71-eazIR9ywsHU,2,20,39,sw02012_B_98
ES,Spanish,ES_T3,1Jua0NJ66unTjny5BwGLFzZ7ejv68QfptWG15GKFfa5k,3,1,40,sw02012_A_99
ES,Spanish,ES_T3,1Jua0NJ66unTjny5BwGLFzZ7ejv68QfptWG15GKFfa5k,3,2,41,sw02012_A_101
ES,Spanish,ES_T3,1Jua0NJ66unTjny5BwGLFzZ7ejv68QfptWG15GKFfa5k,3,3,42,sw02015_B_18
ES,Spanish,ES_T3,1Jua0NJ66unTjny5BwGLFzZ7ejv68QfptWG15GKFfa5k,3,4,43,sw02015_B_20
ES,Spanish,ES_T3,1Jua0NJ66unTjny5BwGLFzZ7ejv68QfptWG15GKFfa5k,3,5,44,sw02015_B_22
ES,Spanish,ES_T3,1Jua0NJ66unTjny5BwGLFzZ7ejv68QfptWG15GKFfa5k,3,6,45,sw02015_B_30
ES,Spanish,ES_T3,1Jua0NJ66unTjny5BwGLFzZ7ejv68QfptWG15GKFfa5k,3,7,46,sw02018_B_61
ES,Spanish,ES_T3,1Jua0NJ66unTjny5BwGLFzZ7ejv68QfptWG15GKFfa5k,3,8,47,sw02018_A_86
ES,Spanish,ES_T3,1Jua0NJ66unTjny5BwGLFzZ7ejv68QfptWG15GKFfa5k,3,9,48,sw02020_A_3
ES,Spanish,ES_T3,1Jua0NJ66unTjny5BwGLFzZ7ejv68QfptWG15GKFfa5k,3,10,49,sw02020_B_20
ES,Spanish,ES_T3,1Jua0NJ66unTjny5BwGLFzZ7ejv68QfptWG15GKFfa5k,3,11,50,sw02020_B_24
ES,Spanish,ES_T3,1Jua0NJ66unTjny5BwGLFzZ7ejv68QfptWG15GKFfa5k,3,12,51,sw02020_B_32
ES,Spanish,ES_T3,1Jua0NJ66unTjny5BwGLFzZ7ejv68QfptWG15GKFfa5k,3,13,52,sw02020_B_34
ES,Spanish,ES_T3,1Jua0NJ66unTjny5BwGLFzZ7ejv68QfptWG15GKFfa5k,3,14,53,sw02020_B_64
ES,Spanish,ES_T3,1Jua0NJ66unTjny5BwGLFzZ7ejv68QfptWG15GKFfa5k,3,15,54,sw02020_B_104
ES,Spanish,ES_T3,1Jua0NJ66unTjny5BwGLFzZ7ejv68QfptWG15GKFfa5k,3,16,55,sw02020_B_110
ES,Spanish,ES_T3,1Jua0NJ66unTjny5BwGLFzZ7ejv68QfptWG15GKFfa5k,3,17,56,sw02020_B_118
ES,Spanish,ES_T3,1Jua0NJ66unTjny5BwGLFzZ7ejv68QfptWG15GKFfa5k,3,18,57,sw02020_B_120
ES,Spanish,ES_T3,1Jua0NJ66unTjny5BwGLFzZ7ejv68QfptWG15GKFfa5k,3,19,58,sw02022_B_12
ES,Spanish,ES_T3,1Jua0NJ66unTjny5BwGLFzZ7ejv68QfptWG15GKFfa5k,3,20,59,sw02022_B_18
ES,Spanish,ES_T4,1rZNANF52Z-h39-SyRprnrEHFkyqkjAEyCBqtcG8_KeU,4,1,60,sw02022_A_21
ES,Spanish,ES_T4,1rZNANF52Z-h39-SyRprnrEHFkyqkjAEyCBqtcG8_KeU,4,2,61,sw02022_A_39
ES,Spanish,ES_T4,1rZNANF52Z-h39-SyRprnrEHFkyqkjAEyCBqtcG8_KeU,4,3,62,sw02022_A_45
ES,Spanish,ES_T4,1rZNANF52Z-h39-SyRprnrEHFkyqkjAEyCBqtcG8_KeU,4,4,63,sw02022_B_52
ES,Spanish,ES_T4,1rZNANF52Z-h39-SyRprnrEHFkyqkjAEyCBqtcG8_KeU,4,5,64,sw02022_B_54
ES,Spanish,ES_T4,1rZNANF52Z-h39-SyRprnrEHFkyqkjAEyCBqtcG8_KeU,4,6,65,sw02024_B_4
ES,Spanish,ES_T4,1rZNANF52Z-h39-SyRprnrEHFkyqkjAEyCBqtcG8_KeU,4,7,66,sw02024_B_8
ES,Spanish,ES_T4,1rZNANF52Z-h39-SyRprnrEHFkyqkjAEyCBqtcG8_KeU,4,8,67,sw02024_A_15
ES,Spanish,ES_T4,1rZNANF52Z-h39-SyRprnrEHFkyqkjAEyCBqtcG8_KeU,4,9,68,sw02024_B_18
ES,Spanish,ES_T4,1rZNANF52Z-h39-SyRprnrEHFkyqkjAEyCBqtcG8_KeU,4,10,69,sw02024_A_35
ES,Spanish,ES_T4,1rZNANF52Z-h39-SyRprnrEHFkyqkjAEyCBqtcG8_KeU,4,11,70,sw02027_A_7
ES,Spanish,ES_T4,1rZNANF52Z-h39-SyRprnrEHFkyqkjAEyCBqtcG8_KeU,4,12,71,sw02027_B_16
ES,Spanish,ES_T4,1rZNANF52Z-h39-SyRprnrEHFkyqkjAEyCBqtcG8_KeU,4,13,72,sw02027_A_31
ES,Spanish,ES_T4,1rZNANF52Z-h39-SyRprnrEHFkyqkjAEyCBqtcG8_KeU,4,14,73,sw02027_A_65
ES,Spanish,ES_T4,1rZNANF52Z-h39-SyRprnrEHFkyqkjAEyCBqtcG8_KeU,4,15,74,sw02027_A_79
ES,Spanish,ES_T4,1rZNANF52Z-h39-SyRprnrEHFkyqkjAEyCBqtcG8_KeU,4,16,75,sw02028_A_125
ES,Spanish,ES_T4,1rZNANF52Z-h39-SyRprnrEHFkyqkjAEyCBqtcG8_KeU,4,17,76,sw02028_A_147
ES,Spanish,ES_T4,1rZNANF52Z-h39-SyRprnrEHFkyqkjAEyCBqtcG8_KeU,4,18,77,sw02032_A_39
ES,Spanish,ES_T4,1rZNANF52Z-h39-SyRprnrEHFkyqkjAEyCBqtcG8_KeU,4,19,78,sw02032_A_77
ES,Spanish,ES_T4,1rZNANF52Z-h39-SyRprnrEHFkyqkjAEyCBqtcG8_KeU,4,20,79,sw02032_A_135
HI,Hindi,HI_T1,1RyAF0lbt6oTZ5rBN2sr59neuCpceTSOXimFK33GzzM8,1,1,0,sw02005_B_2
HI,Hindi,HI_T1,1RyAF0lbt6oTZ5rBN2sr59neuCpceTSOXimFK33GzzM8,1,2,1,sw02005_B_4
HI,Hindi,HI_T1,1RyAF0lbt6oTZ5rBN2sr59neuCpceTSOXimFK33GzzM8,1,3,2,sw02005_B_8
HI,Hindi,HI_T1,1RyAF0lbt6oTZ5rBN2sr59neuCpceTSOXimFK33GzzM8,1,4,3,sw02005_B_14
HI,Hindi,HI_T1,1RyAF0lbt6oTZ5rBN2sr59neuCpceTSOXimFK33GzzM8,1,5,4,sw02005_A_19
HI,Hindi,HI_T1,1RyAF0lbt6oTZ5rBN2sr59neuCpceTSOXimFK33GzzM8,1,6,5,sw02005_A_29
HI,Hindi,HI_T1,1RyAF0lbt6oTZ5rBN2sr59neuCpceTSOXimFK33GzzM8,1,7,6,sw02005_A_37
HI,Hindi,HI_T1,1RyAF0lbt6oTZ5rBN2sr59neuCpceTSOXimFK33GzzM8,1,8,7,sw02005_A_47
HI,Hindi,HI_T1,1RyAF0lbt6oTZ5rBN2sr59neuCpceTSOXimFK33GzzM8,1,9,8,sw02005_A_55
HI,Hindi,HI_T1,1RyAF0lbt6oTZ5rBN2sr59neuCpceTSOXimFK33GzzM8,1,10,9,sw02005_A_65
HI,Hindi,HI_T1,1RyAF0lbt6oTZ5rBN2sr59neuCpceTSOXimFK33GzzM8,1,11,10,sw02005_A_81
HI,Hindi,HI_T1,1RyAF0lbt6oTZ5rBN2sr59neuCpceTSOXimFK33GzzM8,1,12,11,sw02005_A_93
HI,Hindi,HI_T1,1RyAF0lbt6oTZ5rBN2sr59neuCpceTSOXimFK33GzzM8,1,13,12,sw02005_A_99
HI,Hindi,HI_T1,1RyAF0lbt6oTZ5rBN2sr59neuCpceTSOXimFK33GzzM8,1,14,13,sw02005_A_111
HI,Hindi,HI_T1,1RyAF0lbt6oTZ5rBN2sr59neuCpceTSOXimFK33GzzM8,1,15,14,sw02005_A_121
HI,Hindi,HI_T1,1RyAF0lbt6oTZ5rBN2sr59neuCpceTSOXimFK33GzzM8,1,16,15,sw02005_A_127
HI,Hindi,HI_T1,1RyAF0lbt6oTZ5rBN2sr59neuCpceTSOXimFK33GzzM8,1,17,16,sw02005_A_147
HI,Hindi,HI_T1,1RyAF0lbt6oTZ5rBN2sr59neuCpceTSOXimFK33GzzM8,1,18,17,sw02005_A_149
HI,Hindi,HI_T1,1RyAF0lbt6oTZ5rBN2sr59neuCpceTSOXimFK33GzzM8,1,19,18,sw02005_A_155
HI,Hindi,HI_T1,1RyAF0lbt6oTZ5rBN2sr59neuCpceTSOXimFK33GzzM8,1,20,19,sw02008_B_2
HI,Hindi,HI_T2,1RlbRvp7wPji1Eat04OZ5Ha96iJp5AGzA2xMhW36yjR4,2,1,20,sw02008_B_6
HI,Hindi,HI_T2,1RlbRvp7wPji1Eat04OZ5Ha96iJp5AGzA2xMhW36yjR4,2,2,21,sw02008_B_18
HI,Hindi,HI_T2,1RlbRvp7wPji1Eat04OZ5Ha96iJp5AGzA2xMhW36yjR4,2,3,22,sw02008_A_19
HI,Hindi,HI_T2,1RlbRvp7wPji1Eat04OZ5Ha96iJp5AGzA2xMhW36yjR4,2,4,23,sw02008_B_48
HI,Hindi,HI_T2,1RlbRvp7wPji1Eat04OZ5Ha96iJp5AGzA2xMhW36yjR4,2,5,24,sw02008_B_62
HI,Hindi,HI_T2,1RlbRvp7wPji1Eat04OZ5Ha96iJp5AGzA2xMhW36yjR4,2,6,25,sw02008_A_75
HI,Hindi,HI_T2,1RlbRvp7wPji1Eat04OZ5Ha96iJp5AGzA2xMhW36yjR4,2,7,26,sw02010_B_22
HI,Hindi,HI_T2,1RlbRvp7wPji1Eat04OZ5Ha96iJp5AGzA2xMhW36yjR4,2,8,27,sw02010_A_23
HI,Hindi,HI_T2,1RlbRvp7wPji1Eat04OZ5Ha96iJp5AGzA2xMhW36yjR4,2,9,28,sw02010_B_38
HI,Hindi,HI_T2,1RlbRvp7wPji1Eat04OZ5Ha96iJp5AGzA2xMhW36yjR4,2,10,29,sw02010_B_50
HI,Hindi,HI_T2,1RlbRvp7wPji1Eat04OZ5Ha96iJp5AGzA2xMhW36yjR4,2,11,30,sw02012_A_15
HI,Hindi,HI_T2,1RlbRvp7wPji1Eat04OZ5Ha96iJp5AGzA2xMhW36yjR4,2,12,31,sw02012_A_25
HI,Hindi,HI_T2,1RlbRvp7wPji1Eat04OZ5Ha96iJp5AGzA2xMhW36yjR4,2,13,32,sw02012_B_40
HI,Hindi,HI_T2,1RlbRvp7wPji1Eat04OZ5Ha96iJp5AGzA2xMhW36yjR4,2,14,33,sw02012_B_50
HI,Hindi,HI_T2,1RlbRvp7wPji1Eat04OZ5Ha96iJp5AGzA2xMhW36yjR4,2,15,34,sw02012_A_61
HI,Hindi,HI_T2,1RlbRvp7wPji1Eat04OZ5Ha96iJp5AGzA2xMhW36yjR4,2,16,35,sw02012_A_63
HI,Hindi,HI_T2,1RlbRvp7wPji1Eat04OZ5Ha96iJp5AGzA2xMhW36yjR4,2,17,36,sw02012_A_65
HI,Hindi,HI_T2,1RlbRvp7wPji1Eat04OZ5Ha96iJp5AGzA2xMhW36yjR4,2,18,37,sw02012_A_71
HI,Hindi,HI_T2,1RlbRvp7wPji1Eat04OZ5Ha96iJp5AGzA2xMhW36yjR4,2,19,38,sw02012_A_87
HI,Hindi,HI_T2,1RlbRvp7wPji1Eat04OZ5Ha96iJp5AGzA2xMhW36yjR4,2,20,39,sw02012_B_98
HI,Hindi,HI_T3,1cfy5PDlofuLxxh_tvPr9BQuGAaLIFNVAHhOdttm5Irc,3,1,40,sw02012_A_99
HI,Hindi,HI_T3,1cfy5PDlofuLxxh_tvPr9BQuGAaLIFNVAHhOdttm5Irc,3,2,41,sw02012_A_101
HI,Hindi,HI_T3,1cfy5PDlofuLxxh_tvPr9BQuGAaLIFNVAHhOdttm5Irc,3,3,42,sw02015_B_18
HI,Hindi,HI_T3,1cfy5PDlofuLxxh_tvPr9BQuGAaLIFNVAHhOdttm5Irc,3,4,43,sw02015_B_20
HI,Hindi,HI_T3,1cfy5PDlofuLxxh_tvPr9BQuGAaLIFNVAHhOdttm5Irc,3,5,44,sw02015_B_22
HI,Hindi,HI_T3,1cfy5PDlofuLxxh_tvPr9BQuGAaLIFNVAHhOdttm5Irc,3,6,45,sw02015_B_30
HI,Hindi,HI_T3,1cfy5PDlofuLxxh_tvPr9BQuGAaLIFNVAHhOdttm5Irc,3,7,46,sw02018_B_61
HI,Hindi,HI_T3,1cfy5PDlofuLxxh_tvPr9BQuGAaLIFNVAHhOdttm5Irc,3,8,47,sw02018_A_86
HI,Hindi,HI_T3,1cfy5PDlofuLxxh_tvPr9BQuGAaLIFNVAHhOdttm5Irc,3,9,48,sw02020_A_3
HI,Hindi,HI_T3,1cfy5PDlofuLxxh_tvPr9BQuGAaLIFNVAHhOdttm5Irc,3,10,49,sw02020_B_20
HI,Hindi,HI_T3,1cfy5PDlofuLxxh_tvPr9BQuGAaLIFNVAHhOdttm5Irc,3,11,50,sw02020_B_24
HI,Hindi,HI_T3,1cfy5PDlofuLxxh_tvPr9BQuGAaLIFNVAHhOdttm5Irc,3,12,51,sw02020_B_32
HI,Hindi,HI_T3,1cfy5PDlofuLxxh_tvPr9BQuGAaLIFNVAHhOdttm5Irc,3,13,52,sw02020_B_34
HI,Hindi,HI_T3,1cfy5PDlofuLxxh_tvPr9BQuGAaLIFNVAHhOdttm5Irc,3,14,53,sw02020_B_64
HI,Hindi,HI_T3,1cfy5PDlofuLxxh_tvPr9BQuGAaLIFNVAHhOdttm5Irc,3,15,54,sw02020_B_104
HI,Hindi,HI_T3,1cfy5PDlofuLxxh_tvPr9BQuGAaLIFNVAHhOdttm5Irc,3,16,55,sw02020_B_110
HI,Hindi,HI_T3,1cfy5PDlofuLxxh_tvPr9BQuGAaLIFNVAHhOdttm5Irc,3,17,56,sw02020_B_118
HI,Hindi,HI_T3,1cfy5PDlofuLxxh_tvPr9BQuGAaLIFNVAHhOdttm5Irc,3,18,57,sw02020_B_120
HI,Hindi,HI_T3,1cfy5PDlofuLxxh_tvPr9BQuGAaLIFNVAHhOdttm5Irc,3,19,58,sw02022_B_12
HI,Hindi,HI_T3,1cfy5PDlofuLxxh_tvPr9BQuGAaLIFNVAHhOdttm5Irc,3,20,59,sw02022_B_18
HI,Hindi,HI_T4,14UjA639DPfv5NEGZ9JqDjoJS68tf0aSO4yEdhbJgh4w,4,1,60,sw02022_A_21
HI,Hindi,HI_T4,14UjA639DPfv5NEGZ9JqDjoJS68tf0aSO4yEdhbJgh4w,4,2,61,sw02022_A_39
HI,Hindi,HI_T4,14UjA639DPfv5NEGZ9JqDjoJS68tf0aSO4yEdhbJgh4w,4,3,62,sw02022_A_45
HI,Hindi,HI_T4,14UjA639DPfv5NEGZ9JqDjoJS68tf0aSO4yEdhbJgh4w,4,4,63,sw02022_B_52
HI,Hindi,HI_T4,14UjA639DPfv5NEGZ9JqDjoJS68tf0aSO4yEdhbJgh4w,4,5,64,sw02022_B_54
HI,Hindi,HI_T4,14UjA639DPfv5NEGZ9JqDjoJS68tf0aSO4yEdhbJgh4w,4,6,65,sw02024_B_4
HI,Hindi,HI_T4,14UjA639DPfv5NEGZ9JqDjoJS68tf0aSO4yEdhbJgh4w,4,7,66,sw02024_B_8
HI,Hindi,HI_T4,14UjA639DPfv5NEGZ9JqDjoJS68tf0aSO4yEdhbJgh4w,4,8,67,sw02024_A_15
HI,Hindi,HI_T4,14UjA639DPfv5NEGZ9JqDjoJS68tf0aSO4yEdhbJgh4w,4,9,68,sw02024_B_18
HI,Hindi,HI_T4,14UjA639DPfv5NEGZ9JqDjoJS68tf0aSO4yEdhbJgh4w,4,10,69,sw02024_A_35
HI,Hindi,HI_T4,14UjA639DPfv5NEGZ9JqDjoJS68tf0aSO4yEdhbJgh4w,4,11,70,sw02027_A_7
HI,Hindi,HI_T4,14UjA639DPfv5NEGZ9JqDjoJS68tf0aSO4yEdhbJgh4w,4,12,71,sw02027_B_16
HI,Hindi,HI_T4,14UjA639DPfv5NEGZ9JqDjoJS68tf0aSO4yEdhbJgh4w,4,13,72,sw02027_A_31
HI,Hindi,HI_T4,14UjA639DPfv5NEGZ9JqDjoJS68tf0aSO4yEdhbJgh4w,4,14,73,sw02027_A_65
HI,Hindi,HI_T4,14UjA639DPfv5NEGZ9JqDjoJS68tf0aSO4yEdhbJgh4w,4,15,74,sw02027_A_79
HI,Hindi,HI_T4,14UjA639DPfv5NEGZ9JqDjoJS68tf0aSO4yEdhbJgh4w,4,16,75,sw02028_A_125
HI,Hindi,HI_T4,14UjA639DPfv5NEGZ9JqDjoJS68tf0aSO4yEdhbJgh4w,4,17,76,sw02028_A_147
HI,Hindi,HI_T4,14UjA639DPfv5NEGZ9JqDjoJS68tf0aSO4yEdhbJgh4w,4,18,77,sw02032_A_39
HI,Hindi,HI_T4,14UjA639DPfv5NEGZ9JqDjoJS68tf0aSO4yEdhbJgh4w,4,19,78,sw02032_A_77
HI,Hindi,HI_T4,14UjA639DPfv5NEGZ9JqDjoJS68tf0aSO4yEdhbJgh4w,4,20,79,sw02032_A_135
FR,French,FR_T1,1eAQAUo3l8C_1ZzDcp_QzXrvINrXFlPdMPYri6sqDH8w,1,1,0,sw02005_B_2
FR,French,FR_T1,1eAQAUo3l8C_1ZzDcp_QzXrvINrXFlPdMPYri6sqDH8w,1,2,1,sw02005_B_4
FR,French,FR_T1,1eAQAUo3l8C_1ZzDcp_QzXrvINrXFlPdMPYri6sqDH8w,1,3,2,sw02005_B_8
FR,French,FR_T1,1eAQAUo3l8C_1ZzDcp_QzXrvINrXFlPdMPYri6sqDH8w,1,4,3,sw02005_B_14
FR,French,FR_T1,1eAQAUo3l8C_1ZzDcp_QzXrvINrXFlPdMPYri6sqDH8w,1,5,4,sw02005_A_19
FR,French,FR_T1,1eAQAUo3l8C_1ZzDcp_QzXrvINrXFlPdMPYri6sqDH8w,1,6,5,sw02005_A_29
FR,French,FR_T1,1eAQAUo3l8C_1ZzDcp_QzXrvINrXFlPdMPYri6sqDH8w,1,7,6,sw02005_A_37
FR,French,FR_T1,1eAQAUo3l8C_1ZzDcp_QzXrvINrXFlPdMPYri6sqDH8w,1,8,7,sw02005_A_47
FR,French,FR_T1,1eAQAUo3l8C_1ZzDcp_QzXrvINrXFlPdMPYri6sqDH8w,1,9,8,sw02005_A_55
FR,French,FR_T1,1eAQAUo3l8C_1ZzDcp_QzXrvINrXFlPdMPYri6sqDH8w,1,10,9,sw02005_A_65
FR,French,FR_T1,1eAQAUo3l8C_1ZzDcp_QzXrvINrXFlPdMPYri6sqDH8w,1,11,10,sw02005_A_81
FR,French,FR_T1,1eAQAUo3l8C_1ZzDcp_QzXrvINrXFlPdMPYri6sqDH8w,1,12,11,sw02005_A_93
FR,French,FR_T1,1eAQAUo3l8C_1ZzDcp_QzXrvINrXFlPdMPYri6sqDH8w,1,13,12,sw02005_A_99
FR,French,FR_T1,1eAQAUo3l8C_1ZzDcp_QzXrvINrXFlPdMPYri6sqDH8w,1,14,13,sw02005_A_111
FR,French,FR_T1,1eAQAUo3l8C_1ZzDcp_QzXrvINrXFlPdMPYri6sqDH8w,1,15,14,sw02005_A_121
FR,French,FR_T1,1eAQAUo3l8C_1ZzDcp_QzXrvINrXFlPdMPYri6sqDH8w,1,16,15,sw02005_A_127
FR,French,FR_T1,1eAQAUo3l8C_1ZzDcp_QzXrvINrXFlPdMPYri6sqDH8w,1,17,16,sw02005_A_147
FR,French,FR_T1,1eAQAUo3l8C_1ZzDcp_QzXrvINrXFlPdMPYri6sqDH8w,1,18,17,sw02005_A_149
FR,French,FR_T1,1eAQAUo3l8C_1ZzDcp_QzXrvINrXFlPdMPYri6sqDH8w,1,19,18,sw02005_A_155
FR,French,FR_T1,1eAQAUo3l8C_1ZzDcp_QzXrvINrXFlPdMPYri6sqDH8w,1,20,19,sw02008_B_2
FR,French,FR_T2,1msRX1290psafiOAaiCItQzPHptSrZz97wtkiydou9Gk,2,1,20,sw02008_B_6
FR,French,FR_T2,1msRX1290psafiOAaiCItQzPHptSrZz97wtkiydou9Gk,2,2,21,sw02008_B_18
FR,French,FR_T2,1msRX1290psafiOAaiCItQzPHptSrZz97wtkiydou9Gk,2,3,22,sw02008_A_19
FR,French,FR_T2,1msRX1290psafiOAaiCItQzPHptSrZz97wtkiydou9Gk,2,4,23,sw02008_B_48
FR,French,FR_T2,1msRX1290psafiOAaiCItQzPHptSrZz97wtkiydou9Gk,2,5,24,sw02008_B_62
FR,French,FR_T2,1msRX1290psafiOAaiCItQzPHptSrZz97wtkiydou9Gk,2,6,25,sw02008_A_75
FR,French,FR_T2,1msRX1290psafiOAaiCItQzPHptSrZz97wtkiydou9Gk,2,7,26,sw02010_B_22
FR,French,FR_T2,1msRX1290psafiOAaiCItQzPHptSrZz97wtkiydou9Gk,2,8,27,sw02010_A_23
FR,French,FR_T2,1msRX1290psafiOAaiCItQzPHptSrZz97wtkiydou9Gk,2,9,28,sw02010_B_38
FR,French,FR_T2,1msRX1290psafiOAaiCItQzPHptSrZz97wtkiydou9Gk,2,10,29,sw02010_B_50
FR,French,FR_T2,1msRX1290psafiOAaiCItQzPHptSrZz97wtkiydou9Gk,2,11,30,sw02012_A_15
FR,French,FR_T2,1msRX1290psafiOAaiCItQzPHptSrZz97wtkiydou9Gk,2,12,31,sw02012_A_25
FR,French,FR_T2,1msRX1290psafiOAaiCItQzPHptSrZz97wtkiydou9Gk,2,13,32,sw02012_B_40
FR,French,FR_T2,1msRX1290psafiOAaiCItQzPHptSrZz97wtkiydou9Gk,2,14,33,sw02012_B_50
FR,French,FR_T2,1msRX1290psafiOAaiCItQzPHptSrZz97wtkiydou9Gk,2,15,34,sw02012_A_61
FR,French,FR_T2,1msRX1290psafiOAaiCItQzPHptSrZz97wtkiydou9Gk,2,16,35,sw02012_A_63
FR,French,FR_T2,1msRX1290psafiOAaiCItQzPHptSrZz97wtkiydou9Gk,2,17,36,sw02012_A_65
FR,French,FR_T2,1msRX1290psafiOAaiCItQzPHptSrZz97wtkiydou9Gk,2,18,37,sw02012_A_71
FR,French,FR_T2,1msRX1290psafiOAaiCItQzPHptSrZz97wtkiydou9Gk,2,19,38,sw02012_A_87
FR,French,FR_T2,1msRX1290psafiOAaiCItQzPHptSrZz97wtkiydou9Gk,2,20,39,sw02012_B_98
FR,French,FR_T3,15qGsdvRfwpHaaRpg95l7x0txEcu_1_NLwJPPmrnIawA,3,1,40,sw02012_A_99
FR,French,FR_T3,15qGsdvRfwpHaaRpg95l7x0txEcu_1_NLwJPPmrnIawA,3,2,41,sw02012_A_101
FR,French,FR_T3,15qGsdvRfwpHaaRpg95l7x0txEcu_1_NLwJPPmrnIawA,3,3,42,sw02015_B_18
FR,French,FR_T3,15qGsdvRfwpHaaRpg95l7x0txEcu_1_NLwJPPmrnIawA,3,4,43,sw02015_B_20
FR,French,FR_T3,15qGsdvRfwpHaaRpg95l7x0txEcu_1_NLwJPPmrnIawA,3,5,44,sw02015_B_22
FR,French,FR_T3,15qGsdvRfwpHaaRpg95l7x0txEcu_1_NLwJPPmrnIawA,3,6,45,sw02015_B_30
FR,French,FR_T3,15qGsdvRfwpHaaRpg95l7x0txEcu_1_NLwJPPmrnIawA,3,7,46,sw02018_B_61
FR,French,FR_T3,15qGsdvRfwpHaaRpg95l7x0txEcu_1_NLwJPPmrnIawA,3,8,47,sw02018_A_86
FR,French,FR_T3,15qGsdvRfwpHaaRpg95l7x0txEcu_1_NLwJPPmrnIawA,3,9,48,sw02020_A_3
FR,French,FR_T3,15qGsdvRfwpHaaRpg95l7x0txEcu_1_NLwJPPmrnIawA,3,10,49,sw02020_B_20
FR,French,FR_T3,15qGsdvRfwpHaaRpg95l7x0txEcu_1_NLwJPPmrnIawA,3,11,50,sw02020_B_24
FR,French,FR_T3,15qGsdvRfwpHaaRpg95l7x0txEcu_1_NLwJPPmrnIawA,3,12,51,sw02020_B_32
FR,French,FR_T3,15qGsdvRfwpHaaRpg95l7x0txEcu_1_NLwJPPmrnIawA,3,13,52,sw02020_B_34
FR,French,FR_T3,15qGsdvRfwpHaaRpg95l7x0txEcu_1_NLwJPPmrnIawA,3,14,53,sw02020_B_64
FR,French,FR_T3,15qGsdvRfwpHaaRpg95l7x0txEcu_1_NLwJPPmrnIawA,3,15,54,sw02020_B_104
FR,French,FR_T3,15qGsdvRfwpHaaRpg95l7x0txEcu_1_NLwJPPmrnIawA,3,16,55,sw02020_B_110
FR,French,FR_T3,15qGsdvRfwpHaaRpg95l7x0txEcu_1_NLwJPPmrnIawA,3,17,56,sw02020_B_118
FR,French,FR_T3,15qGsdvRfwpHaaRpg95l7x0txEcu_1_NLwJPPmrnIawA,3,18,57,sw02020_B_120
FR,French,FR_T3,15qGsdvRfwpHaaRpg95l7x0txEcu_1_NLwJPPmrnIawA,3,19,58,sw02022_B_12
FR,French,FR_T3,15qGsdvRfwpHaaRpg95l7x0txEcu_1_NLwJPPmrnIawA,3,20,59,sw02022_B_18
FR,French,FR_T4,18dXpjg6jVG5r4Rlxr2qzXntSz8rUyavlfoBlG9KusxM,4,1,60,sw02022_A_21
FR,French,FR_T4,18dXpjg6jVG5r4Rlxr2qzXntSz8rUyavlfoBlG9KusxM,4,2,61,sw02022_A_39
FR,French,FR_T4,18dXpjg6jVG5r4Rlxr2qzXntSz8rUyavlfoBlG9KusxM,4,3,62,sw02022_A_45
FR,French,FR_T4,18dXpjg6jVG5r4Rlxr2qzXntSz8rUyavlfoBlG9KusxM,4,4,63,sw02022_B_52
FR,French,FR_T4,18dXpjg6jVG5r4Rlxr2qzXntSz8rUyavlfoBlG9KusxM,4,5,64,sw02022_B_54
FR,French,FR_T4,18dXpjg6jVG5r4Rlxr2qzXntSz8rUyavlfoBlG9KusxM,4,6,65,sw02024_B_4
FR,French,FR_T4,18dXpjg6jVG5r4Rlxr2qzXntSz8rUyavlfoBlG9KusxM,4,7,66,sw02024_B_8
FR,French,FR_T4,18dXpjg6jVG5r4Rlxr2qzXntSz8rUyavlfoBlG9KusxM,4,8,67,sw02024_A_15
FR,French,FR_T4,18dXpjg6jVG5r4Rlxr2qzXntSz8rUyavlfoBlG9KusxM,4,9,68,sw02024_B_18
FR,French,FR_T4,18dXpjg6jVG5r4Rlxr2qzXntSz8rUyavlfoBlG9KusxM,4,10,69,sw02024_A_35
FR,French,FR_T4,18dXpjg6jVG5r4Rlxr2qzXntSz8rUyavlfoBlG9KusxM,4,11,70,sw02027_A_7
FR,French,FR_T4,18dXpjg6jVG5r4Rlxr2qzXntSz8rUyavlfoBlG9KusxM,4,12,71,sw02027_B_16
FR,French,FR_T4,18dXpjg6jVG5r4Rlxr2qzXntSz8rUyavlfoBlG9KusxM,4,13,72,sw02027_A_31
FR,French,FR_T4,18dXpjg6jVG5r4Rlxr2qzXntSz8rUyavlfoBlG9KusxM,4,14,73,sw02027_A_65
FR,French,FR_T4,18dXpjg6jVG5r4Rlxr2qzXntSz8rUyavlfoBlG9KusxM,4,15,74,sw02027_A_79
FR,French,FR_T4,18dXpjg6jVG5r4Rlxr2qzXntSz8rUyavlfoBlG9KusxM,4,16,75,sw02028_A_125
FR,French,FR_T4,18dXpjg6jVG5r4Rlxr2qzXntSz8rUyavlfoBlG9KusxM,4,17,76,sw02028_A_147
FR,French,FR_T4,18dXpjg6jVG5r4Rlxr2qzXntSz8rUyavlfoBlG9KusxM,4,18,77,sw02032_A_39
FR,French,FR_T4,18dXpjg6jVG5r4Rlxr2qzXntSz8rUyavlfoBlG9KusxM,4,19,78,sw02032_A_77
FR,French,FR_T4,18dXpjg6jVG5r4Rlxr2qzXntSz8rUyavlfoBlG9KusxM,4,20,79,sw02032_A_135
DE,German,DE_T1,105LGmnoKSDEs_6NauCXXSfXWPJeygf-ysmJ6rW_pKVk,1,1,0,sw02005_B_2
DE,German,DE_T1,105LGmnoKSDEs_6NauCXXSfXWPJeygf-ysmJ6rW_pKVk,1,2,1,sw02005_B_4
DE,German,DE_T1,105LGmnoKSDEs_6NauCXXSfXWPJeygf-ysmJ6rW_pKVk,1,3,2,sw02005_B_8
DE,German,DE_T1,105LGmnoKSDEs_6NauCXXSfXWPJeygf-ysmJ6rW_pKVk,1,4,3,sw02005_B_14
DE,German,DE_T1,105LGmnoKSDEs_6NauCXXSfXWPJeygf-ysmJ6rW_pKVk,1,5,4,sw02005_A_19
DE,German,DE_T1,105LGmnoKSDEs_6NauCXXSfXWPJeygf-ysmJ6rW_pKVk,1,6,5,sw02005_A_29
DE,German,DE_T1,105LGmnoKSDEs_6NauCXXSfXWPJeygf-ysmJ6rW_pKVk,1,7,6,sw02005_A_37
DE,German,DE_T1,105LGmnoKSDEs_6NauCXXSfXWPJeygf-ysmJ6rW_pKVk,1,8,7,sw02005_A_47
DE,German,DE_T1,105LGmnoKSDEs_6NauCXXSfXWPJeygf-ysmJ6rW_pKVk,1,9,8,sw02005_A_55
DE,German,DE_T1,105LGmnoKSDEs_6NauCXXSfXWPJeygf-ysmJ6rW_pKVk,1,10,9,sw02005_A_65
DE,German,DE_T1,105LGmnoKSDEs_6NauCXXSfXWPJeygf-ysmJ6rW_pKVk,1,11,10,sw02005_A_81
DE,German,DE_T1,105LGmnoKSDEs_6NauCXXSfXWPJeygf-ysmJ6rW_pKVk,1,12,11,sw02005_A_93
DE,German,DE_T1,105LGmnoKSDEs_6NauCXXSfXWPJeygf-ysmJ6rW_pKVk,1,13,12,sw02005_A_99
DE,German,DE_T1,105LGmnoKSDEs_6NauCXXSfXWPJeygf-ysmJ6rW_pKVk,1,14,13,sw02005_A_111
DE,German,DE_T1,105LGmnoKSDEs_6NauCXXSfXWPJeygf-ysmJ6rW_pKVk,1,15,14,sw02005_A_121
DE,German,DE_T1,105LGmnoKSDEs_6NauCXXSfXWPJeygf-ysmJ6rW_pKVk,1,16,15,sw02005_A_127
DE,German,DE_T1,105LGmnoKSDEs_6NauCXXSfXWPJeygf-ysmJ6rW_pKVk,1,17,16,sw02005_A_147
DE,German,DE_T1,105LGmnoKSDEs_6NauCXXSfXWPJeygf-ysmJ6rW_pKVk,1,18,17,sw02005_A_149
DE,German,DE_T1,105LGmnoKSDEs_6NauCXXSfXWPJeygf-ysmJ6rW_pKVk,1,19,18,sw02005_A_155
DE,German,DE_T1,105LGmnoKSDEs_6NauCXXSfXWPJeygf-ysmJ6rW_pKVk,1,20,19,sw02008_B_2
DE,German,DE_T2,13FiQdonEv6rXleZ4G8Cbu4CrLNQoT7zCtKIFODNLzFg,2,1,20,sw02008_B_6
DE,German,DE_T2,13FiQdonEv6rXleZ4G8Cbu4CrLNQoT7zCtKIFODNLzFg,2,2,21,sw02008_B_18
DE,German,DE_T2,13FiQdonEv6rXleZ4G8Cbu4CrLNQoT7zCtKIFODNLzFg,2,3,22,sw02008_A_19
DE,German,DE_T2,13FiQdonEv6rXleZ4G8Cbu4CrLNQoT7zCtKIFODNLzFg,2,4,23,sw02008_B_48
DE,German,DE_T2,13FiQdonEv6rXleZ4G8Cbu4CrLNQoT7zCtKIFODNLzFg,2,5,24,sw02008_B_62
DE,German,DE_T2,13FiQdonEv6rXleZ4G8Cbu4CrLNQoT7zCtKIFODNLzFg,2,6,25,sw02008_A_75
DE,German,DE_T2,13FiQdonEv6rXleZ4G8Cbu4CrLNQoT7zCtKIFODNLzFg,2,7,26,sw02010_B_22
DE,German,DE_T2,13FiQdonEv6rXleZ4G8Cbu4CrLNQoT7zCtKIFODNLzFg,2,8,27,sw02010_A_23
DE,German,DE_T2,13FiQdonEv6rXleZ4G8Cbu4CrLNQoT7zCtKIFODNLzFg,2,9,28,sw02010_B_38
DE,German,DE_T2,13FiQdonEv6rXleZ4G8Cbu4CrLNQoT7zCtKIFODNLzFg,2,10,29,sw02010_B_50
DE,German,DE_T2,13FiQdonEv6rXleZ4G8Cbu4CrLNQoT7zCtKIFODNLzFg,2,11,30,sw02012_A_15
DE,German,DE_T2,13FiQdonEv6rXleZ4G8Cbu4CrLNQoT7zCtKIFODNLzFg,2,12,31,sw02012_A_25
DE,German,DE_T2,13FiQdonEv6rXleZ4G8Cbu4CrLNQoT7zCtKIFODNLzFg,2,13,32,sw02012_B_40
DE,German,DE_T2,13FiQdonEv6rXleZ4G8Cbu4CrLNQoT7zCtKIFODNLzFg,2,14,33,sw02012_B_50
DE,German,DE_T2,13FiQdonEv6rXleZ4G8Cbu4CrLNQoT7zCtKIFODNLzFg,2,15,34,sw02012_A_61
DE,German,DE_T2,13FiQdonEv6rXleZ4G8Cbu4CrLNQoT7zCtKIFODNLzFg,2,16,35,sw02012_A_63
DE,German,DE_T2,13FiQdonEv6rXleZ4G8Cbu4CrLNQoT7zCtKIFODNLzFg,2,17,36,sw02012_A_65
DE,German,DE_T2,13FiQdonEv6rXleZ4G8Cbu4CrLNQoT7zCtKIFODNLzFg,2,18,37,sw02012_A_71
DE,German,DE_T2,13FiQdonEv6rXleZ4G8Cbu4CrLNQoT7zCtKIFODNLzFg,2,19,38,sw02012_A_87
DE,German,DE_T2,13FiQdonEv6rXleZ4G8Cbu4CrLNQoT7zCtKIFODNLzFg,2,20,39,sw02012_B_98
DE,German,DE_T3,1Y2YRikZ4C98MbZ2mjAdiuqDZntVvauvje3rbsHjqMto,3,1,40,sw02012_A_99
DE,German,DE_T3,1Y2YRikZ4C98MbZ2mjAdiuqDZntVvauvje3rbsHjqMto,3,2,41,sw02012_A_101
DE,German,DE_T3,1Y2YRikZ4C98MbZ2mjAdiuqDZntVvauvje3rbsHjqMto,3,3,42,sw02015_B_18
DE,German,DE_T3,1Y2YRikZ4C98MbZ2mjAdiuqDZntVvauvje3rbsHjqMto,3,4,43,sw02015_B_20
DE,German,DE_T3,1Y2YRikZ4C98MbZ2mjAdiuqDZntVvauvje3rbsHjqMto,3,5,44,sw02015_B_22
DE,German,DE_T3,1Y2YRikZ4C98MbZ2mjAdiuqDZntVvauvje3rbsHjqMto,3,6,45,sw02015_B_30
DE,German,DE_T3,1Y2YRikZ4C98MbZ2mjAdiuqDZntVvauvje3rbsHjqMto,3,7,46,sw02018_B_61
DE,German,DE_T3,1Y2YRikZ4C98MbZ2mjAdiuqDZntVvauvje3rbsHjqMto,3,8,47,sw02018_A_86
DE,German,DE_T3,1Y2YRikZ4C98MbZ2mjAdiuqDZntVvauvje3rbsHjqMto,3,9,48,sw02020_A_3
DE,German,DE_T3,1Y2YRikZ4C98MbZ2mjAdiuqDZntVvauvje3rbsHjqMto,3,10,49,sw02020_B_20
DE,German,DE_T3,1Y2YRikZ4C98MbZ2mjAdiuqDZntVvauvje3rbsHjqMto,3,11,50,sw02020_B_24
DE,German,DE_T3,1Y2YRikZ4C98MbZ2mjAdiuqDZntVvauvje3rbsHjqMto,3,12,51,sw02020_B_32
DE,German,DE_T3,1Y2YRikZ4C98MbZ2mjAdiuqDZntVvauvje3rbsHjqMto,3,13,52,sw02020_B_34
DE,German,DE_T3,1Y2YRikZ4C98MbZ2mjAdiuqDZntVvauvje3rbsHjqMto,3,14,53,sw02020_B_64
DE,German,DE_T3,1Y2YRikZ4C98MbZ2mjAdiuqDZntVvauvje3rbsHjqMto,3,15,54,sw02020_B_104
DE,German,DE_T3,1Y2YRikZ4C98MbZ2mjAdiuqDZntVvauvje3rbsHjqMto,3,16,55,sw02020_B_110
DE,German,DE_T3,1Y2YRikZ4C98MbZ2mjAdiuqDZntVvauvje3rbsHjqMto,3,17,56,sw02020_B_118
DE,German,DE_T3,1Y2YRikZ4C98MbZ2mjAdiuqDZntVvauvje3rbsHjqMto,3,18,57,sw02020_B_120
DE,German,DE_T3,1Y2YRikZ4C98MbZ2mjAdiuqDZntVvauvje3rbsHjqMto,3,19,58,sw02022_B_12
DE,German,DE_T3,1Y2YRikZ4C98MbZ2mjAdiuqDZntVvauvje3rbsHjqMto,3,20,59,sw02022_B_18
DE,German,DE_T4,1e7MVemdy-tOZc0821H1F_rFkt-Ev2Dro_gjFe_LgEfs,4,1,60,sw02022_A_21
DE,German,DE_T4,1e7MVemdy-tOZc0821H1F_rFkt-Ev2Dro_gjFe_LgEfs,4,2,61,sw02022_A_39
DE,German,DE_T4,1e7MVemdy-tOZc0821H1F_rFkt-Ev2Dro_gjFe_LgEfs,4,3,62,sw02022_A_45
DE,German,DE_T4,1e7MVemdy-tOZc0821H1F_rFkt-Ev2Dro_gjFe_LgEfs,4,4,63,sw02022_B_52
DE,German,DE_T4,1e7MVemdy-tOZc0821H1F_rFkt-Ev2Dro_gjFe_LgEfs,4,5,64,sw02022_B_54
DE,German,DE_T4,1e7MVemdy-tOZc0821H1F_rFkt-Ev2Dro_gjFe_LgEfs,4,6,65,sw02024_B_4
DE,German,DE_T4,1e7MVemdy-tOZc0821H1F_rFkt-Ev2Dro_gjFe_LgEfs,4,7,66,sw02024_B_8
DE,German,DE_T4,1e7MVemdy-tOZc0821H1F_rFkt-Ev2Dro_gjFe_LgEfs,4,8,67,sw02024_A_15
DE,German,DE_T4,1e7MVemdy-tOZc0821H1F_rFkt-Ev2Dro_gjFe_LgEfs,4,9,68,sw02024_B_18
DE,German,DE_T4,1e7MVemdy-tOZc0821H1F_rFkt-Ev2Dro_gjFe_LgEfs,4,10,69,sw02024_A_35
DE,German,DE_T4,1e7MVemdy-tOZc0821H1F_rFkt-Ev2Dro_gjFe_LgEfs,4,11,70,sw02027_A_7
DE,German,DE_T4,1e7MVemdy-tOZc0821H1F_rFkt-Ev2Dro_gjFe_LgEfs,4,12,71,sw02027_B_16
DE,German,DE_T4,1e7MVemdy-tOZc0821H1F_rFkt-Ev2Dro_gjFe_LgEfs,4,13,72,sw02027_A_31
DE,German,DE_T4,1e7MVemdy-tOZc0821H1F_rFkt-Ev2Dro_gjFe_LgEfs,4,14,73,sw02027_A_65
DE,German,DE_T4,1e7MVemdy-tOZc0821H1F_rFkt-Ev2Dro_gjFe_LgEfs,4,15,74,sw02027_A_79
DE,German,DE_T4,1e7MVemdy-tOZc0821H1F_rFkt-Ev2Dro_gjFe_LgEfs,4,16,75,sw02028_A_125
DE,German,DE_T4,1e7MVemdy-tOZc0821H1F_rFkt-Ev2Dro_gjFe_LgEfs,4,17,76,sw02028_A_147
DE,German,DE_T4,1e7MVemdy-tOZc0821H1F_rFkt-Ev2Dro_gjFe_LgEfs,4,18,77,sw02032_A_39
DE,German,DE_T4,1e7MVemdy-tOZc0821H1F_rFkt-Ev2Dro_gjFe_LgEfs,4,19,78,sw02032_A_77
DE,German,DE_T4,1e7MVemdy-tOZc0821H1F_rFkt-Ev2Dro_gjFe_LgEfs,4,20,79,sw02032_A_135
IT,Italian,IT_T1,1c5o-Rol55uBe_oHNbnveUoWw_808fLMrXvzNA8TvVwk,1,1,0,sw02005_B_2
IT,Italian,IT_T1,1c5o-Rol55uBe_oHNbnveUoWw_808fLMrXvzNA8TvVwk,1,2,1,sw02005_B_4
IT,Italian,IT_T1,1c5o-Rol55uBe_oHNbnveUoWw_808fLMrXvzNA8TvVwk,1,3,2,sw02005_B_8
IT,Italian,IT_T1,1c5o-Rol55uBe_oHNbnveUoWw_808fLMrXvzNA8TvVwk,1,4,3,sw02005_B_14
IT,Italian,IT_T1,1c5o-Rol55uBe_oHNbnveUoWw_808fLMrXvzNA8TvVwk,1,5,4,sw02005_A_19
IT,Italian,IT_T1,1c5o-Rol55uBe_oHNbnveUoWw_808fLMrXvzNA8TvVwk,1,6,5,sw02005_A_29
IT,Italian,IT_T1,1c5o-Rol55uBe_oHNbnveUoWw_808fLMrXvzNA8TvVwk,1,7,6,sw02005_A_37
IT,Italian,IT_T1,1c5o-Rol55uBe_oHNbnveUoWw_808fLMrXvzNA8TvVwk,1,8,7,sw02005_A_47
IT,Italian,IT_T1,1c5o-Rol55uBe_oHNbnveUoWw_808fLMrXvzNA8TvVwk,1,9,8,sw02005_A_55
IT,Italian,IT_T1,1c5o-Rol55uBe_oHNbnveUoWw_808fLMrXvzNA8TvVwk,1,10,9,sw02005_A_65
IT,Italian,IT_T1,1c5o-Rol55uBe_oHNbnveUoWw_808fLMrXvzNA8TvVwk,1,11,10,sw02005_A_81
IT,Italian,IT_T1,1c5o-Rol55uBe_oHNbnveUoWw_808fLMrXvzNA8TvVwk,1,12,11,sw02005_A_93
IT,Italian,IT_T1,1c5o-Rol55uBe_oHNbnveUoWw_808fLMrXvzNA8TvVwk,1,13,12,sw02005_A_99
IT,Italian,IT_T1,1c5o-Rol55uBe_oHNbnveUoWw_808fLMrXvzNA8TvVwk,1,14,13,sw02005_A_111
IT,Italian,IT_T1,1c5o-Rol55uBe_oHNbnveUoWw_808fLMrXvzNA8TvVwk,1,15,14,sw02005_A_121
IT,Italian,IT_T1,1c5o-Rol55uBe_oHNbnveUoWw_808fLMrXvzNA8TvVwk,1,16,15,sw02005_A_127
IT,Italian,IT_T1,1c5o-Rol55uBe_oHNbnveUoWw_808fLMrXvzNA8TvVwk,1,17,16,sw02005_A_147
IT,Italian,IT_T1,1c5o-Rol55uBe_oHNbnveUoWw_808fLMrXvzNA8TvVwk,1,18,17,sw02005_A_149
IT,Italian,IT_T1,1c5o-Rol55uBe_oHNbnveUoWw_808fLMrXvzNA8TvVwk,1,19,18,sw02005_A_155
IT,Italian,IT_T1,1c5o-Rol55uBe_oHNbnveUoWw_808fLMrXvzNA8TvVwk,1,20,19,sw02008_B_2
IT,Italian,IT_T2,1w3TqdbjQ1FoXFw1plCVmblkqI9q2uawq9H-aMpeg70w,2,1,20,sw02008_B_6
IT,Italian,IT_T2,1w3TqdbjQ1FoXFw1plCVmblkqI9q2uawq9H-aMpeg70w,2,2,21,sw02008_B_18
IT,Italian,IT_T2,1w3TqdbjQ1FoXFw1plCVmblkqI9q2uawq9H-aMpeg70w,2,3,22,sw02008_A_19
IT,Italian,IT_T2,1w3TqdbjQ1FoXFw1plCVmblkqI9q2uawq9H-aMpeg70w,2,4,23,sw02008_B_48
IT,Italian,IT_T2,1w3TqdbjQ1FoXFw1plCVmblkqI9q2uawq9H-aMpeg70w,2,5,24,sw02008_B_62
IT,Italian,IT_T2,1w3TqdbjQ1FoXFw1plCVmblkqI9q2uawq9H-aMpeg70w,2,6,25,sw02008_A_75
IT,Italian,IT_T2,1w3TqdbjQ1FoXFw1plCVmblkqI9q2uawq9H-aMpeg70w,2,7,26,sw02010_B_22
IT,Italian,IT_T2,1w3TqdbjQ1FoXFw1plCVmblkqI9q2uawq9H-aMpeg70w,2,8,27,sw02010_A_23
IT,Italian,IT_T2,1w3TqdbjQ1FoXFw1plCVmblkqI9q2uawq9H-aMpeg70w,2,9,28,sw02010_B_38
IT,Italian,IT_T2,1w3TqdbjQ1FoXFw1plCVmblkqI9q2uawq9H-aMpeg70w,2,10,29,sw02010_B_50
IT,Italian,IT_T2,1w3TqdbjQ1FoXFw1plCVmblkqI9q2uawq9H-aMpeg70w,2,11,30,sw02012_A_15
IT,Italian,IT_T2,1w3TqdbjQ1FoXFw1plCVmblkqI9q2uawq9H-aMpeg70w,2,12,31,sw02012_A_25
IT,Italian,IT_T2,1w3TqdbjQ1FoXFw1plCVmblkqI9q2uawq9H-aMpeg70w,2,13,32,sw02012_B_40
IT,Italian,IT_T2,1w3TqdbjQ1FoXFw1plCVmblkqI9q2uawq9H-aMpeg70w,2,14,33,sw02012_B_50
IT,Italian,IT_T2,1w3TqdbjQ1FoXFw1plCVmblkqI9q2uawq9H-aMpeg70w,2,15,34,sw02012_A_61
IT,Italian,IT_T2,1w3TqdbjQ1FoXFw1plCVmblkqI9q2uawq9H-aMpeg70w,2,16,35,sw02012_A_63
IT,Italian,IT_T2,1w3TqdbjQ1FoXFw1plCVmblkqI9q2uawq9H-aMpeg70w,2,17,36,sw02012_A_65
IT,Italian,IT_T2,1w3TqdbjQ1FoXFw1plCVmblkqI9q2uawq9H-aMpeg70w,2,18,37,sw02012_A_71
IT,Italian,IT_T2,1w3TqdbjQ1FoXFw1plCVmblkqI9q2uawq9H-aMpeg70w,2,19,38,sw02012_A_87
IT,Italian,IT_T2,1w3TqdbjQ1FoXFw1plCVmblkqI9q2uawq9H-aMpeg70w,2,20,39,sw02012_B_98
IT,Italian,IT_T3,19n1_rzBT-2gpwPa-NImgmkbUZAOamqo3AFu7yU4gXrw,3,1,40,sw02012_A_99
IT,Italian,IT_T3,19n1_rzBT-2gpwPa-NImgmkbUZAOamqo3AFu7yU4gXrw,3,2,41,sw02012_A_101
IT,Italian,IT_T3,19n1_rzBT-2gpwPa-NImgmkbUZAOamqo3AFu7yU4gXrw,3,3,42,sw02015_B_18
IT,Italian,IT_T3,19n1_rzBT-2gpwPa-NImgmkbUZAOamqo3AFu7yU4gXrw,3,4,43,sw02015_B_20
IT,Italian,IT_T3,19n1_rzBT-2gpwPa-NImgmkbUZAOamqo3AFu7yU4gXrw,3,5,44,sw02015_B_22
IT,Italian,IT_T3,19n1_rzBT-2gpwPa-NImgmkbUZAOamqo3AFu7yU4gXrw,3,6,45,sw02015_B_30
IT,Italian,IT_T3,19n1_rzBT-2gpwPa-NImgmkbUZAOamqo3AFu7yU4gXrw,3,7,46,sw02018_B_61
IT,Italian,IT_T3,19n1_rzBT-2gpwPa-NImgmkbUZAOamqo3AFu7yU4gXrw,3,8,47,sw02018_A_86
IT,Italian,IT_T3,19n1_rzBT-2gpwPa-NImgmkbUZAOamqo3AFu7yU4gXrw,3,9,48,sw02020_A_3
IT,Italian,IT_T3,19n1_rzBT-2gpwPa-NImgmkbUZAOamqo3AFu7yU4gXrw,3,10,49,sw02020_B_20
IT,Italian,IT_T3,19n1_rzBT-2gpwPa-NImgmkbUZAOamqo3AFu7yU4gXrw,3,11,50,sw02020_B_24
IT,Italian,IT_T3,19n1_rzBT-2gpwPa-NImgmkbUZAOamqo3AFu7yU4gXrw,3,12,51,sw02020_B_32
IT,Italian,IT_T3,19n1_rzBT-2gpwPa-NImgmkbUZAOamqo3AFu7yU4gXrw,3,13,52,sw02020_B_34
IT,Italian,IT_T3,19n1_rzBT-2gpwPa-NImgmkbUZAOamqo3AFu7yU4gXrw,3,14,53,sw02020_B_64
IT,Italian,IT_T3,19n1_rzBT-2gpwPa-NImgmkbUZAOamqo3AFu7yU4gXrw,3,15,54,sw02020_B_104
IT,Italian,IT_T3,19n1_rzBT-2gpwPa-NImgmkbUZAOamqo3AFu7yU4gXrw,3,16,55,sw02020_B_110
IT,Italian,IT_T3,19n1_rzBT-2gpwPa-NImgmkbUZAOamqo3AFu7yU4gXrw,3,17,56,sw02020_B_118
IT,Italian,IT_T3,19n1_rzBT-2gpwPa-NImgmkbUZAOamqo3AFu7yU4gXrw,3,18,57,sw02020_B_120
IT,Italian,IT_T3,19n1_rzBT-2gpwPa-NImgmkbUZAOamqo3AFu7yU4gXrw,3,19,58,sw02022_B_12
IT,Italian,IT_T3,19n1_rzBT-2gpwPa-NImgmkbUZAOamqo3AFu7yU4gXrw,3,20,59,sw02022_B_18
IT,Italian,IT_T4,1Jpx6nKax8uoI3PV5Fp2HM8BVgKfqnQY6uJ8A55pUNCk,4,1,60,sw02022_A_21
IT,Italian,IT_T4,1Jpx6nKax8uoI3PV5Fp2HM8BVgKfqnQY6uJ8A55pUNCk,4,2,61,sw02022_A_39
IT,Italian,IT_T4,1Jpx6nKax8uoI3PV5Fp2HM8BVgKfqnQY6uJ8A55pUNCk,4,3,62,sw02022_A_45
IT,Italian,IT_T4,1Jpx6nKax8uoI3PV5Fp2HM8BVgKfqnQY6uJ8A55pUNCk,4,4,63,sw02022_B_52
IT,Italian,IT_T4,1Jpx6nKax8uoI3PV5Fp2HM8BVgKfqnQY6uJ8A55pUNCk,4,5,64,sw02022_B_54
IT,Italian,IT_T4,1Jpx6nKax8uoI3PV5Fp2HM8BVgKfqnQY6uJ8A55pUNCk,4,6,65,sw02024_B_4
IT,Italian,IT_T4,1Jpx6nKax8uoI3PV5Fp2HM8BVgKfqnQY6uJ8A55pUNCk,4,7,66,sw02024_B_8
IT,Italian,IT_T4,1Jpx6nKax8uoI3PV5Fp2HM8BVgKfqnQY6uJ8A55pUNCk,4,8,67,sw02024_A_15
IT,Italian,IT_T4,1Jpx6nKax8uoI3PV5Fp2HM8BVgKfqnQY6uJ8A55pUNCk,4,9,68,sw02024_B_18
IT,Italian,IT_T4,1Jpx6nKax8uoI3PV5Fp2HM8BVgKfqnQY6uJ8A55pUNCk,4,10,69,sw02024_A_35
IT,Italian,IT_T4,1Jpx6nKax8uoI3PV5Fp2HM8BVgKfqnQY6uJ8A55pUNCk,4,11,70,sw02027_A_7
IT,Italian,IT_T4,1Jpx6nKax8uoI3PV5Fp2HM8BVgKfqnQY6uJ8A55pUNCk,4,12,71,sw02027_B_16
IT,Italian,IT_T4,1Jpx6nKax8uoI3PV5Fp2HM8BVgKfqnQY6uJ8A55pUNCk,4,13,72,sw02027_A_31
IT,Italian,IT_T4,1Jpx6nKax8uoI3PV5Fp2HM8BVgKfqnQY6uJ8A55pUNCk,4,14,73,sw02027_A_65
IT,Italian,IT_T4,1Jpx6nKax8uoI3PV5Fp2HM8BVgKfqnQY6uJ8A55pUNCk,4,15,74,sw02027_A_79
IT,Italian,IT_T4,1Jpx6nKax8uoI3PV5Fp2HM8BVgKfqnQY6uJ8A55pUNCk,4,16,75,sw02028_A_125
IT,Italian,IT_T4,1Jpx6nKax8uoI3PV5Fp2HM8BVgKfqnQY6uJ8A55pUNCk,4,17,76,sw02028_A_147
IT,Italian,IT_T4,1Jpx6nKax8uoI3PV5Fp2HM8BVgKfqnQY6uJ8A55pUNCk,4,18,77,sw02032_A_39
IT,Italian,IT_T4,1Jpx6nKax8uoI3PV5Fp2HM8BVgKfqnQY6uJ8A55pUNCk,4,19,78,sw02032_A_77
IT,Italian,IT_T4,1Jpx6nKax8uoI3PV5Fp2HM8BVgKfqnQY6uJ8A55pUNCk,4,20,79,sw02032_A_135
CS,Czech,CS_T1,1E8nYPx1secPcd-iOhd3KTHIOdCbCD4UXDeg8DReYQ1U,1,1,0,sw02005_B_2
CS,Czech,CS_T1,1E8nYPx1secPcd-iOhd3KTHIOdCbCD4UXDeg8DReYQ1U,1,2,1,sw02005_B_4
CS,Czech,CS_T1,1E8nYPx1secPcd-iOhd3KTHIOdCbCD4UXDeg8DReYQ1U,1,3,2,sw02005_B_8
CS,Czech,CS_T1,1E8nYPx1secPcd-iOhd3KTHIOdCbCD4UXDeg8DReYQ1U,1,4,3,sw02005_B_14
CS,Czech,CS_T1,1E8nYPx1secPcd-iOhd3KTHIOdCbCD4UXDeg8DReYQ1U,1,5,4,sw02005_A_19
CS,Czech,CS_T1,1E8nYPx1secPcd-iOhd3KTHIOdCbCD4UXDeg8DReYQ1U,1,6,5,sw02005_A_29
CS,Czech,CS_T1,1E8nYPx1secPcd-iOhd3KTHIOdCbCD4UXDeg8DReYQ1U,1,7,6,sw02005_A_37
CS,Czech,CS_T1,1E8nYPx1secPcd-iOhd3KTHIOdCbCD4UXDeg8DReYQ1U,1,8,7,sw02005_A_47
CS,Czech,CS_T1,1E8nYPx1secPcd-iOhd3KTHIOdCbCD4UXDeg8DReYQ1U,1,9,8,sw02005_A_55
CS,Czech,CS_T1,1E8nYPx1secPcd-iOhd3KTHIOdCbCD4UXDeg8DReYQ1U,1,10,9,sw02005_A_65
CS,Czech,CS_T1,1E8nYPx1secPcd-iOhd3KTHIOdCbCD4UXDeg8DReYQ1U,1,11,10,sw02005_A_81
CS,Czech,CS_T1,1E8nYPx1secPcd-iOhd3KTHIOdCbCD4UXDeg8DReYQ1U,1,12,11,sw02005_A_93
CS,Czech,CS_T1,1E8nYPx1secPcd-iOhd3KTHIOdCbCD4UXDeg8DReYQ1U,1,13,12,sw02005_A_99
CS,Czech,CS_T1,1E8nYPx1secPcd-iOhd3KTHIOdCbCD4UXDeg8DReYQ1U,1,14,13,sw02005_A_111
CS,Czech,CS_T1,1E8nYPx1secPcd-iOhd3KTHIOdCbCD4UXDeg8DReYQ1U,1,15,14,sw02005_A_121
CS,Czech,CS_T1,1E8nYPx1secPcd-iOhd3KTHIOdCbCD4UXDeg8DReYQ1U,1,16,15,sw02005_A_127
CS,Czech,CS_T1,1E8nYPx1secPcd-iOhd3KTHIOdCbCD4UXDeg8DReYQ1U,1,17,16,sw02005_A_147
CS,Czech,CS_T1,1E8nYPx1secPcd-iOhd3KTHIOdCbCD4UXDeg8DReYQ1U,1,18,17,sw02005_A_149
CS,Czech,CS_T1,1E8nYPx1secPcd-iOhd3KTHIOdCbCD4UXDeg8DReYQ1U,1,19,18,sw02005_A_155
CS,Czech,CS_T1,1E8nYPx1secPcd-iOhd3KTHIOdCbCD4UXDeg8DReYQ1U,1,20,19,sw02008_B_2
CS,Czech,CS_T2,1O5ltpawAVlpZ6qwXz2ld3sFjoXcQmHyADIRHV-tYYWY,2,1,20,sw02008_B_6
CS,Czech,CS_T2,1O5ltpawAVlpZ6qwXz2ld3sFjoXcQmHyADIRHV-tYYWY,2,2,21,sw02008_B_18
CS,Czech,CS_T2,1O5ltpawAVlpZ6qwXz2ld3sFjoXcQmHyADIRHV-tYYWY,2,3,22,sw02008_A_19
CS,Czech,CS_T2,1O5ltpawAVlpZ6qwXz2ld3sFjoXcQmHyADIRHV-tYYWY,2,4,23,sw02008_B_48
CS,Czech,CS_T2,1O5ltpawAVlpZ6qwXz2ld3sFjoXcQmHyADIRHV-tYYWY,2,5,24,sw02008_B_62
CS,Czech,CS_T2,1O5ltpawAVlpZ6qwXz2ld3sFjoXcQmHyADIRHV-tYYWY,2,6,25,sw02008_A_75
CS,Czech,CS_T2,1O5ltpawAVlpZ6qwXz2ld3sFjoXcQmHyADIRHV-tYYWY,2,7,26,sw02010_B_22
CS,Czech,CS_T2,1O5ltpawAVlpZ6qwXz2ld3sFjoXcQmHyADIRHV-tYYWY,2,8,27,sw02010_A_23
CS,Czech,CS_T2,1O5ltpawAVlpZ6qwXz2ld3sFjoXcQmHyADIRHV-tYYWY,2,9,28,sw02010_B_38
CS,Czech,CS_T2,1O5ltpawAVlpZ6qwXz2ld3sFjoXcQmHyADIRHV-tYYWY,2,10,29,sw02010_B_50
CS,Czech,CS_T2,1O5ltpawAVlpZ6qwXz2ld3sFjoXcQmHyADIRHV-tYYWY,2,11,30,sw02012_A_15
CS,Czech,CS_T2,1O5ltpawAVlpZ6qwXz2ld3sFjoXcQmHyADIRHV-tYYWY,2,12,31,sw02012_A_25
CS,Czech,CS_T2,1O5ltpawAVlpZ6qwXz2ld3sFjoXcQmHyADIRHV-tYYWY,2,13,32,sw02012_B_40
CS,Czech,CS_T2,1O5ltpawAVlpZ6qwXz2ld3sFjoXcQmHyADIRHV-tYYWY,2,14,33,sw02012_B_50
CS,Czech,CS_T2,1O5ltpawAVlpZ6qwXz2ld3sFjoXcQmHyADIRHV-tYYWY,2,15,34,sw02012_A_61
CS,Czech,CS_T2,1O5ltpawAVlpZ6qwXz2ld3sFjoXcQmHyADIRHV-tYYWY,2,16,35,sw02012_A_63
CS,Czech,CS_T2,1O5ltpawAVlpZ6qwXz2ld3sFjoXcQmHyADIRHV-tYYWY,2,17,36,sw02012_A_65
CS,Czech,CS_T2,1O5ltpawAVlpZ6qwXz2ld3sFjoXcQmHyADIRHV-tYYWY,2,18,37,sw02012_A_71
CS,Czech,CS_T2,1O5ltpawAVlpZ6qwXz2ld3sFjoXcQmHyADIRHV-tYYWY,2,19,38,sw02012_A_87
CS,Czech,CS_T2,1O5ltpawAVlpZ6qwXz2ld3sFjoXcQmHyADIRHV-tYYWY,2,20,39,sw02012_B_98
CS,Czech,CS_T3,1Ydb4S5GkPqRAP8YoMbbxE8Cmt8B6LkKhpF6FXK5HJ_k,3,1,40,sw02012_A_99
CS,Czech,CS_T3,1Ydb4S5GkPqRAP8YoMbbxE8Cmt8B6LkKhpF6FXK5HJ_k,3,2,41,sw02012_A_101
CS,Czech,CS_T3,1Ydb4S5GkPqRAP8YoMbbxE8Cmt8B6LkKhpF6FXK5HJ_k,3,3,42,sw02015_B_18
CS,Czech,CS_T3,1Ydb4S5GkPqRAP8YoMbbxE8Cmt8B6LkKhpF6FXK5HJ_k,3,4,43,sw02015_B_20
CS,Czech,CS_T3,1Ydb4S5GkPqRAP8YoMbbxE8Cmt8B6LkKhpF6FXK5HJ_k,3,5,44,sw02015_B_22
CS,Czech,CS_T3,1Ydb4S5GkPqRAP8YoMbbxE8Cmt8B6LkKhpF6FXK5HJ_k,3,6,45,sw02015_B_30
CS,Czech,CS_T3,1Ydb4S5GkPqRAP8YoMbbxE8Cmt8B6LkKhpF6FXK5HJ_k,3,7,46,sw02018_B_61
CS,Czech,CS_T3,1Ydb4S5GkPqRAP8YoMbbxE8Cmt8B6LkKhpF6FXK5HJ_k,3,8,47,sw02018_A_86
CS,Czech,CS_T3,1Ydb4S5GkPqRAP8YoMbbxE8Cmt8B6LkKhpF6FXK5HJ_k,3,9,48,sw02020_A_3
CS,Czech,CS_T3,1Ydb4S5GkPqRAP8YoMbbxE8Cmt8B6LkKhpF6FXK5HJ_k,3,10,49,sw02020_B_20
CS,Czech,CS_T3,1Ydb4S5GkPqRAP8YoMbbxE8Cmt8B6LkKhpF6FXK5HJ_k,3,11,50,sw02020_B_24
CS,Czech,CS_T3,1Ydb4S5GkPqRAP8YoMbbxE8Cmt8B6LkKhpF6FXK5HJ_k,3,12,51,sw02020_B_32
CS,Czech,CS_T3,1Ydb4S5GkPqRAP8YoMbbxE8Cmt8B6LkKhpF6FXK5HJ_k,3,13,52,sw02020_B_34
CS,Czech,CS_T3,1Ydb4S5GkPqRAP8YoMbbxE8Cmt8B6LkKhpF6FXK5HJ_k,3,14,53,sw02020_B_64
CS,Czech,CS_T3,1Ydb4S5GkPqRAP8YoMbbxE8Cmt8B6LkKhpF6FXK5HJ_k,3,15,54,sw02020_B_104
CS,Czech,CS_T3,1Ydb4S5GkPqRAP8YoMbbxE8Cmt8B6LkKhpF6FXK5HJ_k,3,16,55,sw02020_B_110
CS,Czech,CS_T3,1Ydb4S5GkPqRAP8YoMbbxE8Cmt8B6LkKhpF6FXK5HJ_k,3,17,56,sw02020_B_118
CS,Czech,CS_T3,1Ydb4S5GkPqRAP8YoMbbxE8Cmt8B6LkKhpF6FXK5HJ_k,3,18,57,sw02020_B_120
CS,Czech,CS_T3,1Ydb4S5GkPqRAP8YoMbbxE8Cmt8B6LkKhpF6FXK5HJ_k,3,19,58,sw02022_B_12
CS,Czech,CS_T3,1Ydb4S5GkPqRAP8YoMbbxE8Cmt8B6LkKhpF6FXK5HJ_k,3,20,59,sw02022_B_18
CS,Czech,CS_T4,1U1wJFG2KiLYig05A8bGx7vgqmt5AmWQMzJQm4czhVLA,4,1,60,sw02022_A_21
CS,Czech,CS_T4,1U1wJFG2KiLYig05A8bGx7vgqmt5AmWQMzJQm4czhVLA,4,2,61,sw02022_A_39
CS,Czech,CS_T4,1U1wJFG2KiLYig05A8bGx7vgqmt5AmWQMzJQm4czhVLA,4,3,62,sw02022_A_45
CS,Czech,CS_T4,1U1wJFG2KiLYig05A8bGx7vgqmt5AmWQMzJQm4czhVLA,4,4,63,sw02022_B_52
CS,Czech,CS_T4,1U1wJFG2KiLYig05A8bGx7vgqmt5AmWQMzJQm4czhVLA,4,5,64,sw02022_B_54
CS,Czech,CS_T4,1U1wJFG2KiLYig05A8bGx7vgqmt5AmWQMzJQm4czhVLA,4,6,65,sw02024_B_4
CS,Czech,CS_T4,1U1wJFG2KiLYig05A8bGx7vgqmt5AmWQMzJQm4czhVLA,4,7,66,sw02024_B_8
CS,Czech,CS_T4,1U1wJFG2KiLYig05A8bGx7vgqmt5AmWQMzJQm4czhVLA,4,8,67,sw02024_A_15
CS,Czech,CS_T4,1U1wJFG2KiLYig05A8bGx7vgqmt5AmWQMzJQm4czhVLA,4,9,68,sw02024_B_18
CS,Czech,CS_T4,1U1wJFG2KiLYig05A8bGx7vgqmt5AmWQMzJQm4czhVLA,4,10,69,sw02024_A_35
CS,Czech,CS_T4,1U1wJFG2KiLYig05A8bGx7vgqmt5AmWQMzJQm4czhVLA,4,11,70,sw02027_A_7
CS,Czech,CS_T4,1U1wJFG2KiLYig05A8bGx7vgqmt5AmWQMzJQm4czhVLA,4,12,71,sw02027_B_16
CS,Czech,CS_T4,1U1wJFG2KiLYig05A8bGx7vgqmt5AmWQMzJQm4czhVLA,4,13,72,sw02027_A_31
CS,Czech,CS_T4,1U1wJFG2KiLYig05A8bGx7vgqmt5AmWQMzJQm4czhVLA,4,14,73,sw02027_A_65
CS,Czech,CS_T4,1U1wJFG2KiLYig05A8bGx7vgqmt5AmWQMzJQm4czhVLA,4,15,74,sw02027_A_79
CS,Czech,CS_T4,1U1wJFG2KiLYig05A8bGx7vgqmt5AmWQMzJQm4czhVLA,4,16,75,sw02028_A_125
CS,Czech,CS_T4,1U1wJFG2KiLYig05A8bGx7vgqmt5AmWQMzJQm4czhVLA,4,17,76,sw02028_A_147
CS,Czech,CS_T4,1U1wJFG2KiLYig05A8bGx7vgqmt5AmWQMzJQm4czhVLA,4,18,77,sw02032_A_39
CS,Czech,CS_T4,1U1wJFG2KiLYig05A8bGx7vgqmt5AmWQMzJQm4czhVLA,4,19,78,sw02032_A_77
CS,Czech,CS_T4,1U1wJFG2KiLYig05A8bGx7vgqmt5AmWQMzJQm4czhVLA,4,20,79,sw02032_A_135
AR,Arabic,AR_T1,1TNZ4KNu1QaxqcQABHfeiDEUCUF2W57YHXYOE249FBdQ,1,1,0,sw02005_B_2
AR,Arabic,AR_T1,1TNZ4KNu1QaxqcQABHfeiDEUCUF2W57YHXYOE249FBdQ,1,2,1,sw02005_B_4
AR,Arabic,AR_T1,1TNZ4KNu1QaxqcQABHfeiDEUCUF2W57YHXYOE249FBdQ,1,3,2,sw02005_B_8
AR,Arabic,AR_T1,1TNZ4KNu1QaxqcQABHfeiDEUCUF2W57YHXYOE249FBdQ,1,4,3,sw02005_B_14
AR,Arabic,AR_T1,1TNZ4KNu1QaxqcQABHfeiDEUCUF2W57YHXYOE249FBdQ,1,5,4,sw02005_A_19
AR,Arabic,AR_T1,1TNZ4KNu1QaxqcQABHfeiDEUCUF2W57YHXYOE249FBdQ,1,6,5,sw02005_A_29
AR,Arabic,AR_T1,1TNZ4KNu1QaxqcQABHfeiDEUCUF2W57YHXYOE249FBdQ,1,7,6,sw02005_A_37
AR,Arabic,AR_T1,1TNZ4KNu1QaxqcQABHfeiDEUCUF2W57YHXYOE249FBdQ,1,8,7,sw02005_A_47
AR,Arabic,AR_T1,1TNZ4KNu1QaxqcQABHfeiDEUCUF2W57YHXYOE249FBdQ,1,9,8,sw02005_A_55
AR,Arabic,AR_T1,1TNZ4KNu1QaxqcQABHfeiDEUCUF2W57YHXYOE249FBdQ,1,10,9,sw02005_A_65
AR,Arabic,AR_T1,1TNZ4KNu1QaxqcQABHfeiDEUCUF2W57YHXYOE249FBdQ,1,11,10,sw02005_A_81
AR,Arabic,AR_T1,1TNZ4KNu1QaxqcQABHfeiDEUCUF2W57YHXYOE249FBdQ,1,12,11,sw02005_A_93
AR,Arabic,AR_T1,1TNZ4KNu1QaxqcQABHfeiDEUCUF2W57YHXYOE249FBdQ,1,13,12,sw02005_A_99
AR,Arabic,AR_T1,1TNZ4KNu1QaxqcQABHfeiDEUCUF2W57YHXYOE249FBdQ,1,14,13,sw02005_A_111
AR,Arabic,AR_T1,1TNZ4KNu1QaxqcQABHfeiDEUCUF2W57YHXYOE249FBdQ,1,15,14,sw02005_A_121
AR,Arabic,AR_T1,1TNZ4KNu1QaxqcQABHfeiDEUCUF2W57YHXYOE249FBdQ,1,16,15,sw02005_A_127
AR,Arabic,AR_T1,1TNZ4KNu1QaxqcQABHfeiDEUCUF2W57YHXYOE249FBdQ,1,17,16,sw02005_A_147
AR,Arabic,AR_T1,1TNZ4KNu1QaxqcQABHfeiDEUCUF2W57YHXYOE249FBdQ,1,18,17,sw02005_A_149
AR,Arabic,AR_T1,1TNZ4KNu1QaxqcQABHfeiDEUCUF2W57YHXYOE249FBdQ,1,19,18,sw02005_A_155
AR,Arabic,AR_T1,1TNZ4KNu1QaxqcQABHfeiDEUCUF2W57YHXYOE249FBdQ,1,20,19,sw02008_B_2
AR,Arabic,AR_T2,14lBv2ezYVYq_GGaDvPMRt4sEHGeK3vRH_ImOi1FIa4I,2,1,20,sw02008_B_6
AR,Arabic,AR_T2,14lBv2ezYVYq_GGaDvPMRt4sEHGeK3vRH_ImOi1FIa4I,2,2,21,sw02008_B_18
AR,Arabic,AR_T2,14lBv2ezYVYq_GGaDvPMRt4sEHGeK3vRH_ImOi1FIa4I,2,3,22,sw02008_A_19
AR,Arabic,AR_T2,14lBv2ezYVYq_GGaDvPMRt4sEHGeK3vRH_ImOi1FIa4I,2,4,23,sw02008_B_48
AR,Arabic,AR_T2,14lBv2ezYVYq_GGaDvPMRt4sEHGeK3vRH_ImOi1FIa4I,2,5,24,sw02008_B_62
AR,Arabic,AR_T2,14lBv2ezYVYq_GGaDvPMRt4sEHGeK3vRH_ImOi1FIa4I,2,6,25,sw02008_A_75
AR,Arabic,AR_T2,14lBv2ezYVYq_GGaDvPMRt4sEHGeK3vRH_ImOi1FIa4I,2,7,26,sw02010_B_22
AR,Arabic,AR_T2,14lBv2ezYVYq_GGaDvPMRt4sEHGeK3vRH_ImOi1FIa4I,2,8,27,sw02010_A_23
AR,Arabic,AR_T2,14lBv2ezYVYq_GGaDvPMRt4sEHGeK3vRH_ImOi1FIa4I,2,9,28,sw02010_B_38
AR,Arabic,AR_T2,14lBv2ezYVYq_GGaDvPMRt4sEHGeK3vRH_ImOi1FIa4I,2,10,29,sw02010_B_50
AR,Arabic,AR_T2,14lBv2ezYVYq_GGaDvPMRt4sEHGeK3vRH_ImOi1FIa4I,2,11,30,sw02012_A_15
AR,Arabic,AR_T2,14lBv2ezYVYq_GGaDvPMRt4sEHGeK3vRH_ImOi1FIa4I,2,12,31,sw02012_A_25
AR,Arabic,AR_T2,14lBv2ezYVYq_GGaDvPMRt4sEHGeK3vRH_ImOi1FIa4I,2,13,32,sw02012_B_40
AR,Arabic,AR_T2,14lBv2ezYVYq_GGaDvPMRt4sEHGeK3vRH_ImOi1FIa4I,2,14,33,sw02012_B_50
AR,Arabic,AR_T2,14lBv2ezYVYq_GGaDvPMRt4sEHGeK3vRH_ImOi1FIa4I,2,15,34,sw02012_A_61
AR,Arabic,AR_T2,14lBv2ezYVYq_GGaDvPMRt4sEHGeK3vRH_ImOi1FIa4I,2,16,35,sw02012_A_63
AR,Arabic,AR_T2,14lBv2ezYVYq_GGaDvPMRt4sEHGeK3vRH_ImOi1FIa4I,2,17,36,sw02012_A_65
AR,Arabic,AR_T2,14lBv2ezYVYq_GGaDvPMRt4sEHGeK3vRH_ImOi1FIa4I,2,18,37,sw02012_A_71
AR,Arabic,AR_T2,14lBv2ezYVYq_GGaDvPMRt4sEHGeK3vRH_ImOi1FIa4I,2,19,38,sw02012_A_87
AR,Arabic,AR_T2,14lBv2ezYVYq_GGaDvPMRt4sEHGeK3vRH_ImOi1FIa4I,2,20,39,sw02012_B_98
AR,Arabic,AR_T3,1XLagHjRGaS42PtST_LBaFAD5zUndIRlCzkjMO9qas3o,3,1,40,sw02012_A_99
AR,Arabic,AR_T3,1XLagHjRGaS42PtST_LBaFAD5zUndIRlCzkjMO9qas3o,3,2,41,sw02012_A_101
AR,Arabic,AR_T3,1XLagHjRGaS42PtST_LBaFAD5zUndIRlCzkjMO9qas3o,3,3,42,sw02015_B_18
AR,Arabic,AR_T3,1XLagHjRGaS42PtST_LBaFAD5zUndIRlCzkjMO9qas3o,3,4,43,sw02015_B_20
AR,Arabic,AR_T3,1XLagHjRGaS42PtST_LBaFAD5zUndIRlCzkjMO9qas3o,3,5,44,sw02015_B_22
AR,Arabic,AR_T3,1XLagHjRGaS42PtST_LBaFAD5zUndIRlCzkjMO9qas3o,3,6,45,sw02015_B_30
AR,Arabic,AR_T3,1XLagHjRGaS42PtST_LBaFAD5zUndIRlCzkjMO9qas3o,3,7,46,sw02018_B_61
AR,Arabic,AR_T3,1XLagHjRGaS42PtST_LBaFAD5zUndIRlCzkjMO9qas3o,3,8,47,sw02018_A_86
AR,Arabic,AR_T3,1XLagHjRGaS42PtST_LBaFAD5zUndIRlCzkjMO9qas3o,3,9,48,sw02020_A_3
AR,Arabic,AR_T3,1XLagHjRGaS42PtST_LBaFAD5zUndIRlCzkjMO9qas3o,3,10,49,sw02020_B_20
AR,Arabic,AR_T3,1XLagHjRGaS42PtST_LBaFAD5zUndIRlCzkjMO9qas3o,3,11,50,sw02020_B_24
AR,Arabic,AR_T3,1XLagHjRGaS42PtST_LBaFAD5zUndIRlCzkjMO9qas3o,3,12,51,sw02020_B_32
AR,Arabic,AR_T3,1XLagHjRGaS42PtST_LBaFAD5zUndIRlCzkjMO9qas3o,3,13,52,sw02020_B_34
AR,Arabic,AR_T3,1XLagHjRGaS42PtST_LBaFAD5zUndIRlCzkjMO9qas3o,3,14,53,sw02020_B_64
AR,Arabic,AR_T3,1XLagHjRGaS42PtST_LBaFAD5zUndIRlCzkjMO9qas3o,3,15,54,sw02020_B_104
AR,Arabic,AR_T3,1XLagHjRGaS42PtST_LBaFAD5zUndIRlCzkjMO9qas3o,3,16,55,sw02020_B_110
AR,Arabic,AR_T3,1XLagHjRGaS42PtST_LBaFAD5zUndIRlCzkjMO9qas3o,3,17,56,sw02020_B_118
AR,Arabic,AR_T3,1XLagHjRGaS42PtST_LBaFAD5zUndIRlCzkjMO9qas3o,3,18,57,sw02020_B_120
AR,Arabic,AR_T3,1XLagHjRGaS42PtST_LBaFAD5zUndIRlCzkjMO9qas3o,3,19,58,sw02022_B_12
AR,Arabic,AR_T3,1XLagHjRGaS42PtST_LBaFAD5zUndIRlCzkjMO9qas3o,3,20,59,sw02022_B_18
AR,Arabic,AR_T4,1ICqg-ke7IrePsDQV8E0F7M5G0-lHe2fma2jKUbSDlyo,4,1,60,sw02022_A_21
AR,Arabic,AR_T4,1ICqg-ke7IrePsDQV8E0F7M5G0-lHe2fma2jKUbSDlyo,4,2,61,sw02022_A_39
AR,Arabic,AR_T4,1ICqg-ke7IrePsDQV8E0F7M5G0-lHe2fma2jKUbSDlyo,4,3,62,sw02022_A_45
AR,Arabic,AR_T4,1ICqg-ke7IrePsDQV8E0F7M5G0-lHe2fma2jKUbSDlyo,4,4,63,sw02022_B_52
AR,Arabic,AR_T4,1ICqg-ke7IrePsDQV8E0F7M5G0-lHe2fma2jKUbSDlyo,4,5,64,sw02022_B_54
AR,Arabic,AR_T4,1ICqg-ke7IrePsDQV8E0F7M5G0-lHe2fma2jKUbSDlyo,4,6,65,sw02024_B_4
AR,Arabic,AR_T4,1ICqg-ke7IrePsDQV8E0F7M5G0-lHe2fma2jKUbSDlyo,4,7,66,sw02024_B_8
AR,Arabic,AR_T4,1ICqg-ke7IrePsDQV8E0F7M5G0-lHe2fma2jKUbSDlyo,4,8,67,sw02024_A_15
AR,Arabic,AR_T4,1ICqg-ke7IrePsDQV8E0F7M5G0-lHe2fma2jKUbSDlyo,4,9,68,sw02024_B_18
AR,Arabic,AR_T4,1ICqg-ke7IrePsDQV8E0F7M5G0-lHe2fma2jKUbSDlyo,4,10,69,sw02024_A_35
AR,Arabic,AR_T4,1ICqg-ke7IrePsDQV8E0F7M5G0-lHe2fma2jKUbSDlyo,4,11,70,sw02027_A_7
AR,Arabic,AR_T4,1ICqg-ke7IrePsDQV8E0F7M5G0-lHe2fma2jKUbSDlyo,4,12,71,sw02027_B_16
AR,Arabic,AR_T4,1ICqg-ke7IrePsDQV8E0F7M5G0-lHe2fma2jKUbSDlyo,4,13,72,sw02027_A_31
AR,Arabic,AR_T4,1ICqg-ke7IrePsDQV8E0F7M5G0-lHe2fma2jKUbSDlyo,4,14,73,sw02027_A_65
AR,Arabic,AR_T4,1ICqg-ke7IrePsDQV8E0F7M5G0-lHe2fma2jKUbSDlyo,4,15,74,sw02027_A_79
AR,Arabic,AR_T4,1ICqg-ke7IrePsDQV8E0F7M5G0-lHe2fma2jKUbSDlyo,4,16,75,sw02028_A_125
AR,Arabic,AR_T4,1ICqg-ke7IrePsDQV8E0F7M5G0-lHe2fma2jKUbSDlyo,4,17,76,sw02028_A_147
AR,Arabic,AR_T4,1ICqg-ke7IrePsDQV8E0F7M5G0-lHe2fma2jKUbSDlyo,4,18,77,sw02032_A_39
AR,Arabic,AR_T4,1ICqg-ke7IrePsDQV8E0F7M5G0-lHe2fma2jKUbSDlyo,4,19,78,sw02032_A_77
AR,Arabic,AR_T4,1ICqg-ke7IrePsDQV8E0F7M5G0-lHe2fma2jKUbSDlyo,4,20,79,sw02032_A_135
