filename,speaker,turn,generated-text
sw2005.mrg,A,111,"I I think I think I think, you know, for myself, I I see that as probably the the what everything"
sw2005.mrg,A,121,"Yeah. You know, it's it's interesting that that a lot of the population in the United States is changing because, you know, now that so many more minorities where they have had extended families for such a long"
sw2005.mrg,A,127,"But I guess as we become more industrialized and more, you know, less in a rural situation, we we don't we we we choose not to deal with the extended family because we feel it's kind of cumbersome. When in reality, it makes things much"
sw2005.mrg,A,147,"Yeah. But uh I I I think that, you know, I mean, we always uh I mean, I've I've had a a lot of good experiences with a with many, many people, especially where they've had extended family. And I and and I I kind of see that that, you know, perhaps, you know, we may need to like get close to the family environment and and get down to the values of, you know, I mean,
Yeah. But uh I I I think that, you know, I mean, we always uh I mean, I've I've had a a lot of good experiences with a with many, many people, especially where they've had extended family. And I and and I I kind of see that that, you know, perhaps, you know, we may need to like get close to the family environment and and get down to the values of, you know, I mean,"
sw2005.mrg,A,149,"I mean, uh, it's money seems to be too big of an issue with with with with with with what's going on."
sw2005.mrg,A,155,"and I I think I think that we may not, you know, that may be, you know, perhaps if we put money on the back burner, that may that may choose to alleviate a lot of the problem."
sw2005.mrg,A,19,"Mhm. Yeah, probably the hardest thing in in my family, uh my grandmother, she had to be put in a nursing home and um she had used a walker for for quite some time, probably about six to nine months. And um she had a fall and uh finally uh she had uh Parkinson's disease."
sw2005.mrg,A,29,"I mean, she she had she had children all across the United States."
sw2005.mrg,A,37,"Yeah, I mean, for somebody who is, you know, for most of their life has has not just merely had a farm, but had 10 children, had a farm, ran everything because her husband was away in the coal mine."
sw2005.mrg,A,47,I think that they they had a great deal of um all the brothers and sisters got together and they actually had a conference.
sw2005.mrg,A,55,"you know, whether it was just, you know, giving money or whether it was actually taking part in in a lot of the decision making, you know, like finding a a proper nursing home."
sw2005.mrg,A,65,"So, so I mean it I mean I I've I I har I I truly wish that if something like that were to happen that my children would do something like that for me."
sw2005.mrg,A,81,"Yeah. Yeah, well, with my with my grandmother, I think it was it was such that uh that she did not have the problem with she was very well aware and her daughter came and visited her."
sw2005.mrg,A,93,"and, um, I mean, but she was truly, she was truly aware. I mean, I I I don't know how I would how I would deal if if one of my parents came with with Alzheimer's or something like that, which is which is far more devastating."
sw2005.mrg,A,99,"and um, I I I think that what one thing that that they were really concerned with probably was the fact it wasn't necessarily, you know, like the quantity of care, but the quality"
sw2005.mrg,B,14,"you know, there's something else we could have done, you know, and checking out all the places that uh might be available. Of course, as you know, there's not one on every corner, especially in, you know, smaller area, smaller"
sw2005.mrg,B,2,"Well, of course, it's, you know, it's the one of the last few things in the world you'd ever want to do. You know, unless it's just, you know, really, you know, for and for their uh, you know, for their own good."
sw2005.mrg,B,4,"I'd be very, very careful in uh, you know, checking them out. Uh, I had to place my mother in a nursing home. She had a rather massive stroke about uh, uh, eight months ago, I guess."
sw2005.mrg,B,8,"So I was very comfortable, you know, in in doing it when it got to the point that we had to do it. But there's, well, I had an occasion for my uh mother-in-law who had fell and needed to be, you know, could not take care of herself anymore and was confined to a nursing home for a while. That was really not a very good experience. Uh, it had to be done in a hurry. I mean, we didn't have, you know, like six months to check all these places out. And it was really not not a very good uh deal."
sw2008.mrg,A,19,"I've recently um tried to update my wardrobe, trying to put suits together that I can interchange the jackets and the blouses."
sw2008.mrg,A,75,"This is pretty un- unseasonal, but um, at least you, you know, it it's it feels good. It gets uh everybody's doesn't have cabin fever today. It's nice to get"
sw2008.mrg,B,18,"So I I predominantly wear flat shoes, um, you know, in the winter I wear sweaters, in the summer I, you know, I like one-piece dresses, short sleeves, things"
sw2008.mrg,B,2,"Um, let's see, what did I wear to work today? Um, actually, I wore corduroy shorts with a white blouse, um, and flat shoes."
sw2008.mrg,B,48,"In fact, I just bought, uh, I just got a new outfit as a gift that, um, it's one of those skorts, you know, the- it's shorts but it looks like a"
sw2008.mrg,B,6,"um, I do vary. Um, you know, I wear suits, I wear skirts and sweaters. On occasion, I can wear jeans. Um,"
sw2008.mrg,B,62,"Yeah, yeah, so I, you know, like right now, today was in about, you know,"
sw2010.mrg,A,23,"Well, the interesting thing was is I'd heard that and I I I tend I think overreact occasionally when somebody tells me it's that great and and it was the thing is it was it was"
sw2010.mrg,B,22,"True, I agree with that. Um, I I noticed yesterday in the paper something said that it I think it's been nominated for 12 awards and and all the critics initially said that, you know, it wouldn't go anywhere, that it was just going to be a dud. So it it has surprised everybody."
sw2010.mrg,B,38,"It's suspenseful. I don't think it's very I mean, there's not really any uh blood and guts in it or anything like that. It's it's more suspense. Um the other one, Silence of the Lambs is kind of a a gory movie if if somebody's not into that kind of stuff. It's it's pretty graphic at points, but uh I think they're both excellent movies."
sw2010.mrg,B,50,"I think that I think he really his heart was in it, but I I don't think he really knew it was going to be as big as it was. I think it was something that he really wanted to do. He wanted to direct it, he wanted to to star in it. You know, he he enjoyed the story line and I think he just really he really wanted it whether it whether it won all kinds of awards or whether it just was okay at the box office, I think he would have been happy because I think that I think he did a good job and and the self-satisfaction he got out of it is much greater than any awards that they can give him."
sw2012.mrg,A,101,"because I any anyone, any friend, anyone I give my number to is welcome to call me, but no one is just welcome to come by my house. So that is more of a"
sw2012.mrg,A,15,"I think they prey on people's um inherent politeness on the phone, even with a machine. I find people being kind of polite and waiting for it to finish what it has to say, and then they feel an obligation to respond, even though there's not even"
sw2012.mrg,A,25,"Well, presumably those who find out such information, if they are doing it, I would prefer to not to be known and I mean, you know, the classic, oh, I don't know, CIA conspiracy theories or whatever would have uh such parties trying to do it without your knowledge. So, there's things that invade that second type of privacy where you do know about them and possibly things that invade that second type of privacy without you knowing about it. And I can't talk about the second one other than to to to generate paranoia. Yeah, just surmise. I I'd like to think that it's quite low."
sw2012.mrg,A,61,"Yeah. And uh one of the problems with the Lotus database was uh that it was uncontrolled access to who would have that information. I mean, they said they would give it out to only select companies, but um, you know, just like software is only given out to customers. I mean, you can't believe"
sw2012.mrg,A,63,"it would it would be pirated and they wouldn't bother to check that carefully anyway to someone who's offering, you know, full cash price."
sw2012.mrg,A,65,"for it. I mean, you know, you can't tell what what a company really has to do with it. And there's something rather ominous about having virtually anyone, any hacker being able to know what your income is, what your spending habits are, and you know, and and that hacker just has to get into in touch with a sneak thief and suddenly and then what started as an invasion of privacy could be, you know, an invasion"
sw2012.mrg,A,71,"Mhm. I also thought about it because I was waiting to talk to you that another thing that occurred to me is there's not so much invasion of my privacy because I know how to behave such that there isn't. But I realized I have to behave in a certain way in order to not have people invade my privacy. If I deviate from social norms of behavior, if I run up and down the street yelling or something, someone's going to invade my privacy."
sw2012.mrg,A,87,"alone. Whereas in this country where everyone respects the closed doors very much, if you go out and act like a lunatic, you you violate the uh the norms of social of um public behavior, um people start paying attention to you very much and they start asking questions and in a sense are invi- inva- invading your privacy. Although, if you know what the social norms are, you know, quote unquote, you asked for it. But it does mean that you have yet another reason to follow a set of"
sw2012.mrg,A,99,"Or the class, the other classic example is the Jehovah's witness or or Mormons or someone knocking at the front door. Um, which is more intrusive because I have to really tell someone to go away and there's that sense of I have now opened my door, they now see what I look like, what I live like, and nor and they're doing something that normally I really only invite people.
**Thinking Process:**

1.  **Initial Listen-Through:** I'll play the entire audio clip once without typing to get a general sense of the content, the speaker's pace, and any potential tricky spots (e.g., mumbling, background noise, unusual words).
    *   The speaker is talking about classic examples of intrusion, specifically mentioning Jehovah's Witnesses or Mormons knocking on the door.
    *   The speech is relatively clear, but there are some natural pauses and disfluencies.
    *   The speaker says ""Jehovah's witness or or Mormons"". I need to capture that double ""or"".
    *   He says ""nor and they're doing something"". This sounds a bit like a false start or a slight stumble. I'll listen carefully to that part again.

2.  **Detailed Transcription (Phrase by Phrase):** Now I'll go back to the beginning and transcribe, pausing frequently. I'll type exactly what I hear, including every ""um,"" ""uh,"" repetition, and false start.

    *   `00:00-00:01`: ""Or the class,"" - Starts with ""Or"", then a slight pause, then ""the class"".
    *   `00:01-00:02`: ""the other classic example is"" - Straightforward.
    *   `00:02-00:04`: ""the Jehovah's witness or or Mormons"" - Here's that double ""or"". I'll make sure to include both. ""Jehovah's witness"" is singular, which is what he says.
    *   `00:04-00:06`: ""or someone knocking at the front door."" - Straightforward.
    *   `00:06-00:07`: ""Um,"" - Clear disfluency.
    *   `00:07-00:09`: ""which is more intrusive because"" - Straightforward.
    *   `00:09-00:12`: ""I have to really tell someone to go away"" - The word ""really"" is emphasized slightly, but the transcription is just the words.
    *   `00:12-00:14`: ""and there's that sense of I have now opened my door,"" - Clear phrasing.
    *   `00:14-00:16`: ""they now see what I look like,"" - Straightforward.
    *   `00:16-00:18`: ""what I live like,"" - Straightforward.
    *   `00:18-00:19`: ""and"" - Clear conjunction.
    *   `00:19-00:22`: ""nor and they're doing something that normally I really only invite people."" - This is the tricky part I noted earlier. Let's break it down.
        *   He says ""nor"".
        *   Then a very slight pause, then ""and"". It sounds like a correction or a restart. ""nor and"". I'll write it exactly like that.
        *   ""they're doing something that normally I really only invite people."" - The rest of the sentence is clear. The sentence cuts off at the end of the clip.

3.  **Final Review:** I'll read my transcription while listening to the audio one last time to ensure accuracy.

    *   ""Or the class, the other classic example is the Jehovah's witness or or Mormons or someone knocking at the front door."" - Matches.
    *   ""Um, which is more intrusive because I have to really tell someone to go away"" - Matches.
    *   ""and there's that sense of I have now opened my door, they now see what I look like, what I live like,"" - Matches.
    *   ""and nor and they're doing something that normally I really only invite people."" - Matches. The ""nor and"" part is a bit unusual, but it's what he says. It's a false start/correction. The transcription should reflect this verbatim.

The process is complete. The transcription is accurate and includes all disfluencies as requested."
sw2012.mrg,B,40,"Uh, the the other side of that might be, you know, if if there's someone found out something or surmised something that weren't true, then I would feel probably more invaded on the gossipy sort of"
sw2012.mrg,B,50,"But then if it turns out to generate incorrect things, that's even worse. Uh, or if my call rate of of eight to or so a week went up even higher because uh, someone had"
sw2012.mrg,B,98,That's interesting. Are are there any other specific things that that you feel like where where you feel your privacy to be invaded on a day-to-day basis or either on a growing fre
sw2015.mrg,B,18,"Mhm. Mhm. Yeah, that's true. Living in an apartment complex though, you know, you can't um, you can't really stop those people from coming around even though they put up signs out front that says no solicitations. Uh, but they still come up to the front door and uh, you know, walk around. So usually what I do is I'll call the apartment manager and tell them, hey, there's people coming around, you know, and they're trying to sell something or or they're from a religious organization. And I really hate that. I really, really do. I had somebody come to the door about two weeks ago. And um, gosh, it was about nine o'clock at night, too. It wasn't even what I would consider, you know, a family hour. It was time to, you know, start going to bed. And uh, and it was somebody from um, oh, what was it? The uh, Jesus Christ of Latter-day Saints. And uh, I've read a lot about the that particular sect and I don't particularly care for it. So I especially don't like for them to come up to my door and and try and talk."
sw2015.mrg,B,20,"Yeah. Yeah. No, I I agree with you there though. I mean if they want to choose that particular religion, that's fine with me too. You know, as long as they don't try and pull me in and drag me in. And and I don't like the way that they do it either. And and it's their mission as they do it, as they go door to door and they go out into the public. And they actually have the uh teenagers serving two years like you would say like in an army and two years in going around and doing missionary type work. And I don't know, I just um, I just don't particularly care for that at all. And that that's one thing that I feel really strongly about though is uh, you know, people coming up to my door, especially religious organizations and wanting to uh, you know, to try and get me to join or, you know, become interested in their religion because I have"
sw2015.mrg,B,22,"Yeah. Yeah, that's true. Yeah, no, I don't uh I don't have I didn't go that far, but uh yeah, I probably could do the same thing. Uh you know, I don't have a storm door, but I'm sure I could rig up something. But you know, I don't think that that would stop people. It's like they see that word and it says go instead of stop. Oh, goodness."
sw2015.mrg,B,30,"I know, but I remember you you talked about something. You started off and you said, well, let me think. You talked about the telephone calls, people coming and soliciting, selling things at the door. You said something else. And I can't remember what it was. And I thought, yeah, that that kind of touched a nerve right there, but we got uh we got to talking about the um uh people coming to the front door."
sw2018.mrg,A,86,"Oh, it is. It is. Well, both of ours is school age, but we don't want to miss any of those P T A's and you know, all that."
sw2018.mrg,B,61,"or a lot of women I know now and my uh one of my supervisors when she went on LOA to have her baby, we hooked up a a terminal at her house and she you know, we could send her messages and and she kept in touch like that and basically"
sw2020.mrg,A,3,"Well, I mostly listen to popular music. I uh listen to it all the time in in my car. So I I tend to be one of those people who switches stations a lot because I don't like commercials. But uh I find myself listening to popular music."
sw2020.mrg,B,104,"Well, you know, really that's not world music, but what Paul Simon's doing, I think is is is is great because he's, you know, I think I think that, you know, using a, I guess what they call it is eclectic, you know, drawing from a lot of different sources and making, you know, a synthesis of a new type of music. Um,"
sw2020.mrg,B,110,"Um, for example, let's say you're taking like an original Brazilian form of music with a certain style and then you try to make it a little bit more listenable for, let's say another audience, let's say a North American."
sw2020.mrg,B,118,"I I think, you know, and it's the same way with, you know, world music takes the forms that have really been, um, I guess, you know, the best example or, you know, the cream of the crop, I guess you could say. And then and then taking those those qualities and then applying in the styles that are really, um, that are extremely enjoyable. And then it becomes a kind of"
sw2020.mrg,B,120,"of its own. Yeah. Yeah, it becomes a kind of music of its own. I mean, when you listen to it, it's, um, uh, I think that they don't use elec- uh some of it it's it's they use electronic and acoustic interchangeably."
sw2020.mrg,B,20,"Yeah. Well, I I don't really have anything against rap music. I the one thing I do object to about rap music is is when it becomes militant or if it's uh violence or"
sw2020.mrg,B,24,"I have I have strong objections to that. Um, actually, I listened to one time I remember this was back when even, uh, I would say about 10 or 15 years ago."
sw2020.mrg,B,32,"and uh it was about the the piece of music, the piece of music was about, I think about 40 or 50 years old. And it was incredible. I mean, the parallels, you know, between"
sw2020.mrg,B,34,"And um, you you listen a lot if you if you hear a lot of old gospel. Um, uh, especially, well, the black gospel. You know, you will, you know, you can really pick it up. I mean,"
sw2020.mrg,B,64,"really old. I mean, I I there are a lot so many different songs. I mean, like the whole thing about cover versions a lot of times. I mean, I've heard some songs that that I just thought were horrendous cover versions and I'm like, you know, I I don't want to listen to this. Because you know, you think of the original it's like,"
sw2022.mrg,A,21,"That's a good choice. We've been trying, we're trying to uh do that this year. We've budgeted the money that we used to spend, we were spending on a Coda account with TI and then the money we were also buying stock with for that year. We've taken that this year and said we're going to pay off all of our credit card"
sw2022.mrg,A,39,"Yeah. Mostly what we're doing, we've worked, we've done the uh Coda account with TI where they we put in so much a month and then they or so much a paycheck and then they"
sw2022.mrg,A,45,"Yeah. The other thing that we've done that that was really nice to see, we had one of the financial companies, um, hand, uh, John Hancock company came out and their agents did a long-term analysis based on salary and uh, what we were play what what our uh goals were on a long-term budget in terms of retirement, kids' college, paying off the house, buying a different house, um, special thing, buying land and"
sw2022.mrg,B,12,"Uh, we we've uh, taken how much we have, you know, write down how much we have coming in each month and then um, we've at the beginning of the year we set down and determined how much we could spend. We've set up made up different accounts like, you know, we've set a budget for each, you know, household expenses or food and clothing and entertainment and then our our own fun money and just stuff like that. And then we write down each each time we spend something, we write down in a book and the end of the month we tally it up to see if how close we, you know, we we try to stay within a certain budget."
sw2022.mrg,B,18,"Yeah. Yeah, I stay with I have to stay within it. So I, you know, and then we have that, you know, if you can't stay something comes up and you can't stay within it, then we have a, you know, a budget for, you know, like we call our slush fund or something. If some unexpected comes up, then you're not, you know, you don't feel so strapped.
Yeah. Yeah, I stay with I have to stay within it. So I, you know, and then we have that, you know, if you can't stay something comes up and you can't stay within it, then we have a, you know, a budget for, you know, like we call our slush fund or something. If some unexpected comes up, then you're not, you know, you don't feel so strapped."
sw2022.mrg,B,52,"Uh-huh. That sounds interesting. We've never done any We have, you know, just our our life insurance guy that's come out, you know, and he's set up a, you know, determined how much we need to, you know, we need if something were to"
sw2022.mrg,B,54,"Right. Yeah, it you know, if I would sell it, you know, if he if something happened to him, I wouldn't stay in Texas. I would uh sell the house and move back home, you know, to my hometown and and uh I wouldn't stay here in Texas. So, you know, I don't know what he would do, but"
sw2024.mrg,A,15,"And, um, oh, I guess I like a variety of things. Um, lots of fiction, uh, type books. Um, right now, I'm occasionally reading on a book about, uh, the Mardi Gras in New Orleans and it's,"
sw2024.mrg,A,35,"Well, I don't know. Um, I uh, have attended some seminars that had some tapes that went with them, but uh, I guess not so much books, although they sometimes have manuals and things. But um, they would be things on like how to be successful and sort of talking to yourself, you know, getting your yourself in gear to uh, sort of pull yourself up by your bootstraps and do what you really want to do, but convincing you that you need to get on with it."
sw2024.mrg,B,18,"I bet that would be rather interesting. Uh, that's uh self-improvement. That's that's all, well, that's that's kind of a hobby, but it is self-improvement from a standpoint of probably relaxing."
sw2024.mrg,B,4,"Uh, I have a have a I have a wide variety of of hobbies. Therefore my my reading pleasures are quite wide. Um, I get a charge out of uh Texas Highway, uh which uh is very colorful and uh not being a native of Texas, but being here 11 years, have a tendency to uh find out the uh about these different areas of the of the of the state."
sw2024.mrg,B,8,"Oh yeah, it's it's uh absolutely it's great the way that it's broken out and you can uh set up little trips and day trips and things. It's pretty pretty neat. Um, oh, I like photography. Um, magazines. I don't take a subscription or anything like that. Um, things. Oh, been an engineer in facilities, I do read a lot of a lot of uh building magazines and and and plant engineering magazines and read up on different ways to do things and energy management type of magazines and and uh kind of strange because I it's not unusual to uh see um an engineering manual or something laying around."
sw2027.mrg,A,31,"And these weren't even really full ones. I mean they had a problem out here with it last summer wearing these shorts that were, you know, the real wide full ones, you know. And kind of these weren't even those. These were like pretty short, black, I mean they were very dressy. They were black velvet shorts and she had on black hose and black heels and she looked very, very nice."
sw2027.mrg,A,65,"I'll I am. I work faster. I get things done faster than when I'm in a dress and heels. You know, I and it's weird but I it's I do I I can. I can get so much more done if I'm dressed comfortable."
sw2027.mrg,A,7,"Yeah. You know, we're kind of that way too. I try to I'm the same way you are. I kind of try to judge from day to day. I know, you know, where I am, we work a lot with the customers and we have a lot of government folks come in all the time and and you know, if I know that they're going to be there, you know, you you know, I try to really watch it and like you say, you know, really dress"
sw2027.mrg,A,79,"Well, I don't know. I just figure, you know, you know, sometimes I worry about, you know, if I go in and pants, and I never, I never ever ever go in in a pair of jeans, you know. But I'll go in in pants. I mean, today I had on a pair of, you know, navy blue dress slacks and a and a like a peach colored top and, you know, not cruddy, but not a dress either. And sometimes I wonder if stuff like that would will hold you back, you know, if you don't dress in, you know, your dress for success business suits every day if, you know, if upper management doesn't notice that and remember that later on, but, you know, I don't know if they do or not. You know, I see a lot of the managers and they're in jeans, so."
sw2027.mrg,B,16,"warehouse. And at that point, the warehouse was over at Crosby Road and it wasn't air conditioned. And and we were there like in the middle of the summer. It's unair conditioned. It was dusty and dirty. Um, there was like a fan at the very end of the row and that was it. And so we didn't really know we weren't supposed to. We thought TI dress code was just dress appropriate to your job."
sw2028.mrg,A,125,"taking taking care of uh I'm actually in the air division and we monitor uh anything that comes out of the stack or out of a building or um we do have customers that um their concerns are in the workplace and we take care of that within our department. We take care of everything. Waste water, uh solid waste, and recycling, and"
sw2028.mrg,A,147,"and our our chemical database so that we know every chemical on site and and um its concentration and and if if anything ever happened, God forbid, you know, a building explosion or something like that, we'd be able to track chemicals from that building with our
and uh our our chemical database so that we know every chemical on site and and um its concentration and and if if anything ever happened, God forbid, you know, a building explosion or something like that, we'd be able to track chemicals from that building with our"
sw2032.mrg,A,135,"So it's like nothing happened during the seventies. Everything happened during the sixties. The seventies, I don't know what they're called, you know, it's like like the the eighties are called like the progressive years or the or or you know, like the technology years because of all the computers and stuff."
sw2032.mrg,A,39,"But see for example, they have see what what other bands consider like really hard rock is like thrash metal, which all they do is they have like this guitar and they just bang at the guitar and the guitar's set like really"
sw2032.mrg,A,77,"Yeah, they they're still around. They got a new a new CD out, but I don't know, I wouldn't buy it. Because see what happens is, you always see like I like the old Rolling Stones. I don't like the new stuff."
